============================================================
   Tang Dynasty, V6.2.168116
   Copyright (c) 2012-2025 Anlogic Inc.
   Executable = D:/Anlogic/bin/run.exe
   Built at =   16:32:07 Jun 12 2025
   Run by =     softf
   Run Date =   Mon Nov  3 00:54:06 2025

   Run on =     KAYOKO
============================================================
RUN-1002 : start command "import_device eagle_s20.db -package EG4S20BG256"
RUN-1001 : Using default speed grade: NA
ARC-1001 : Device Initialization.
ARC-1001 : ------------------------------------------------------------------
ARC-1001 :            OPTION            |          IO          |   SETTING   
ARC-1001 : ------------------------------------------------------------------
ARC-1001 :   cso_b/cclk/mosi/miso/dout  |  T3/R11/T10/P10/S11  |    gpio    
ARC-1001 :             done             |         P13          |    gpio    
ARC-1001 :           program_b          |          T2          |  dedicate  
ARC-1001 :        tdi/tms/tck/tdo       |   C12/A15/C14/E14    |  dedicate  
ARC-1001 : ------------------------------------------------------------------
ARC-1004 : Device setting, marked 5 dedicate IOs in total.
RUN-1002 : start command "open_project pic_sdram.prj"
RUN-1002 : start command "commit_param -step design"
RUN-1001 : Print Global Property
RUN-1001 : --------------------------------------------------------
RUN-1001 :   Parameters   |  Settings  |  Default Values  |  Note  
RUN-1001 : --------------------------------------------------------
RUN-1001 :   enable_seed  |    off     |       off        |        
RUN-1001 :     message    |  standard  |     standard     |        
RUN-1001 :   qor_monitor  |     on     |        on        |        
RUN-1001 :   syn_ip_flow  |    off     |       off        |        
RUN-1001 :     thread     |    auto    |       auto       |        
RUN-1001 : --------------------------------------------------------
RUN-1001 : Print Design Property
RUN-1001 : ----------------------------------------------------------------
RUN-1001 :       Parameters       |  Settings  |  Default Values  |  Note  
RUN-1001 : ----------------------------------------------------------------
RUN-1001 :   default_reg_initial  |    auto    |       auto       |        
RUN-1001 :    hdl_warning_level   |   normal   |      normal      |        
RUN-1001 : ----------------------------------------------------------------
HDL-1007 : analyze verilog file ../../src/sdram/enc_file/global_def.v
HDL-1007 : analyze verilog file ../../src/video_define.v
HDL-1007 : analyze verilog file ../../al_ip/afifo_16_32_256.v
HDL-1007 : analyze verilog file ../../al_ip/afifo_32_16_256.v
HDL-1007 : analyze verilog file ../../al_ip/sys_pll.v
HDL-1007 : undeclared symbol 'open', assumed default net type 'wire' in ../../al_ip/sys_pll.v(77)
HDL-1007 : analyze verilog file ../../src/ax_debounce.v
HDL-1007 : analyze verilog file ../../src/frame_fifo_read.v
HDL-1007 : analyze verilog file ../../src/frame_fifo_write.v
HDL-1007 : analyze verilog file ../../src/sd_card/sd_card_cmd.v
HDL-1007 : analyze verilog file ../../src/sd_card/sd_card_sec_read_write.v
HDL-1007 : analyze verilog file ../../src/sd_card/sd_card_top.v
HDL-1007 : analyze verilog file ../../src/sd_card/spi_master.v
HDL-1007 : analyze verilog file ../../src/top.v
HDL-1007 : undeclared symbol 'sdram_clk', assumed default net type 'wire' in ../../src/top.v(59)
HDL-1007 : analyze verilog file ../../src/sdram/enc_file/sdr_as_ram.enc.v
Copyright (c) 1998-2019 The OpenSSL Project.  All rights reserved.
This product includes software developed by the OpenSSL Project
for use in the OpenSSL Toolkit (http://www.openssl.org/)
Copyright (C) 1995-1998 Eric Young (eay@cryptsoft.com)
All rights reserved.
This product includes cryptographic software written by Eric Young (eay@cryptsoft.com)
HDL-1007 : back to file '../../src/sdram/enc_file/sdr_as_ram.enc.v' in ../../src/sdram/enc_file/sdr_as_ram.enc.v(45)
HDL-1007 : analyze verilog file ../../src/sdram/enc_file/sdr_wrrd.enc.v
HDL-5007 WARNING: concatenation with an unsized literal will be treated as 32 bits in ../../src/sdram/enc_file/sdr_wrrd.enc.v(283)
HDL-1007 : back to file '../../src/sdram/enc_file/sdr_wrrd.enc.v' in ../../src/sdram/enc_file/sdr_wrrd.enc.v(19)
HDL-1007 : analyze verilog file ../../src/sdram/sdram.v
HDL-1007 : analyze included file C:\Users\softf\Desktop\MAIN\/./src/sdram/enc_file/global_def.v in ../../src/sdram/sdram.v(10)
HDL-1007 : back to file '../../src/sdram/sdram.v' in ../../src/sdram/sdram.v(10)
HDL-1007 : undeclared symbol 'SDR_CKE', assumed default net type 'wire' in ../../src/sdram/sdram.v(89)
HDL-1007 : analyze verilog file ../../src/frame_read_write.v
HDL-1007 : analyze verilog file ../../src/sdram/enc_file/sdr_init_ref.enc.v
HDL-1007 : analyze included file C:\Users\softf\Desktop\MAIN\/./src/sdram/enc_file/global_def.v in ../../src/sdram/enc_file/sdr_init_ref.enc.v(11)
HDL-1007 : back to file '../../src/sdram/enc_file/sdr_init_ref.enc.v' in ../../src/sdram/enc_file/sdr_init_ref.enc.v(11)
HDL-1007 : undeclared symbol '**', assumed default net type '**' in ../../src/sdram/enc_file/sdr_init_ref.enc.v(57)
HDL-1007 : back to file '../../src/sdram/enc_file/sdr_init_ref.enc.v' in ../../src/sdram/enc_file/sdr_init_ref.enc.v(149)
HDL-5007 WARNING: concatenation with an unsized literal will be treated as 32 bits in ../../src/sdram/enc_file/sdr_init_ref.enc.v(47)
HDL-1007 : analyze verilog file ../../src/bmp_udp_sender.v
HDL-1007 : undeclared symbol 'sender_finish', assumed default net type 'wire' in ../../src/bmp_udp_sender.v(59)
HDL-1007 : analyze verilog file ../../src/sd_card_bmp.v
HDL-1007 : analyze verilog file ../../src/bmp_transfer_wrapper.v
HDL-5333 WARNING: data object 'top_state_code' is already declared in ../../src/bmp_transfer_wrapper.v(99)
HDL-1007 : previous declaration of 'top_state_code' is from here in ../../src/bmp_transfer_wrapper.v(81)
HDL-5007 WARNING: second declaration of 'top_state_code' is ignored in ../../src/bmp_transfer_wrapper.v(99)
HDL-1007 : undeclared symbol 'pic_done', assumed default net type 'wire' in ../../src/bmp_transfer_wrapper.v(109)
HDL-1007 : analyze verilog file ../../Mujika_top_control/Mujica_top.v
HDL-1007 : undeclared symbol 'cmd_valid', assumed default net type 'wire' in ../../Mujika_top_control/Mujica_top.v(307)
HDL-5373 WARNING: identifier 'current_state' is used before its declaration in ../../Mujika_top_control/Mujica_top.v(47)
HDL-5373 WARNING: identifier 'current_state' is used before its declaration in ../../Mujika_top_control/Mujica_top.v(49)
HDL-5373 WARNING: identifier 'next_state' is used before its declaration in ../../Mujika_top_control/Mujica_top.v(49)
HDL-5373 WARNING: identifier 'current_state' is used before its declaration in ../../Mujika_top_control/Mujica_top.v(62)
HDL-5373 WARNING: identifier 'current_state' is used before its declaration in ../../Mujika_top_control/Mujica_top.v(86)
HDL-5373 WARNING: identifier 'send_working' is used before its declaration in ../../Mujika_top_control/Mujica_top.v(88)
HDL-5373 WARNING: identifier 'eth_tx_pic_en' is used before its declaration in ../../Mujika_top_control/Mujica_top.v(99)
HDL-5373 WARNING: identifier 'current_state' is used before its declaration in ../../Mujika_top_control/Mujica_top.v(106)
HDL-5373 WARNING: identifier 'send_finish' is used before its declaration in ../../Mujika_top_control/Mujica_top.v(108)
HDL-5373 WARNING: identifier 'send_finish' is used before its declaration in ../../Mujika_top_control/Mujica_top.v(127)
HDL-5373 Similar messages will be suppressed.
HDL-1007 : analyze verilog file ../../Mujika_top_control/state_sender.v
HDL-5372 WARNING: redeclaration of ANSI port 'app_rx_data_valid' is not allowed in ../../Mujika_top_control/state_sender.v(57)
HDL-5372 WARNING: redeclaration of ANSI port 'app_rx_data' is not allowed in ../../Mujika_top_control/state_sender.v(58)
HDL-5372 WARNING: redeclaration of ANSI port 'app_rx_data_length' is not allowed in ../../Mujika_top_control/state_sender.v(59)
HDL-5372 WARNING: redeclaration of ANSI port 'app_rx_port_num' is not allowed in ../../Mujika_top_control/state_sender.v(60)
HDL-5372 WARNING: redeclaration of ANSI port 'udp_tx_ready' is not allowed in ../../Mujika_top_control/state_sender.v(62)
HDL-5372 WARNING: redeclaration of ANSI port 'app_tx_ack' is not allowed in ../../Mujika_top_control/state_sender.v(63)
HDL-1007 : analyze verilog file ../../ethernet_transmission/al_ip/TEMAC_CORE/RTL/TEMAC_CORE_aead6cd6dadd.v
HDL-5007 WARNING: column 1032 exceeds maximum value 1023 in ../../ethernet_transmission/al_ip/TEMAC_CORE/RTL/TEMAC_CORE_aead6cd6dadd.v(30)
HDL-1007 : back to file '../../ethernet_transmission/al_ip/TEMAC_CORE/RTL/TEMAC_CORE_aead6cd6dadd.v' in ../../ethernet_transmission/al_ip/TEMAC_CORE/RTL/TEMAC_CORE_aead6cd6dadd.v(86)
HDL-5007 WARNING: event expressions must result in a singular type in ../../ethernet_transmission/al_ip/TEMAC_CORE/RTL/TEMAC_CORE_aead6cd6dadd.v(3001)
HDL-1007 : undeclared symbol '**', assumed default net type '**' in ../../ethernet_transmission/al_ip/TEMAC_CORE/RTL/TEMAC_CORE_aead6cd6dadd.v(5050)
HDL-1007 : undeclared symbol '**', assumed default net type '**' in ../../ethernet_transmission/al_ip/TEMAC_CORE/RTL/TEMAC_CORE_aead6cd6dadd.v(5458)
HDL-5007 WARNING: column 1035 exceeds maximum value 1023 in ../../ethernet_transmission/al_ip/TEMAC_CORE/RTL/TEMAC_CORE_aead6cd6dadd.v(6001)
HDL-1007 : back to file '../../ethernet_transmission/al_ip/TEMAC_CORE/RTL/TEMAC_CORE_aead6cd6dadd.v' in ../../ethernet_transmission/al_ip/TEMAC_CORE/RTL/TEMAC_CORE_aead6cd6dadd.v(260)
HDL-1007 : analyze verilog file ../../ethernet_transmission/al_ip/TEMAC_CORE/RTL/mac_core_aead6cd6dadd.v
HDL-1007 : analyze verilog file ../../ethernet_transmission/al_ip/TEMAC_CORE/TEMAC_CORE.v
HDL-1007 : analyze verilog file ../../ethernet_transmission/al_ip/pll_gen.v
HDL-1007 : undeclared symbol 'pll_gen_open0', assumed default net type 'wire' in ../../ethernet_transmission/al_ip/pll_gen.v(99)
HDL-1007 : undeclared symbol 'pll_gen_open8', assumed default net type 'wire' in ../../ethernet_transmission/al_ip/pll_gen.v(105)
HDL-1007 : undeclared symbol 'pll_gen_open7', assumed default net type 'wire' in ../../ethernet_transmission/al_ip/pll_gen.v(105)
HDL-1007 : undeclared symbol 'pll_gen_open6', assumed default net type 'wire' in ../../ethernet_transmission/al_ip/pll_gen.v(105)
HDL-1007 : undeclared symbol 'pll_gen_open5', assumed default net type 'wire' in ../../ethernet_transmission/al_ip/pll_gen.v(105)
HDL-1007 : undeclared symbol 'pll_gen_open4', assumed default net type 'wire' in ../../ethernet_transmission/al_ip/pll_gen.v(105)
HDL-1007 : undeclared symbol 'pll_gen_open3', assumed default net type 'wire' in ../../ethernet_transmission/al_ip/pll_gen.v(105)
HDL-1007 : undeclared symbol 'pll_gen_open2', assumed default net type 'wire' in ../../ethernet_transmission/al_ip/pll_gen.v(105)
HDL-1007 : undeclared symbol 'pll_gen_open1', assumed default net type 'wire' in ../../ethernet_transmission/al_ip/pll_gen.v(105)
HDL-1007 : analyze verilog file ../../ethernet_transmission/al_ip/rx_pll.v
HDL-1007 : undeclared symbol 'open', assumed default net type 'wire' in ../../ethernet_transmission/al_ip/rx_pll.v(78)
HDL-1007 : analyze verilog file ../../ethernet_transmission/IDDR.v
HDL-1007 : analyze verilog file ../../ethernet_transmission/ODDR.v
HDL-1007 : analyze verilog file ../../ethernet_transmission/RAMB16_S9_S9.v
HDL-1007 : undeclared symbol 'open', assumed default net type 'wire' in ../../ethernet_transmission/RAMB16_S9_S9.v(109)
HDL-1007 : analyze verilog file ../../ethernet_transmission/clk_gen_rst_gen.v
HDL-1007 : analyze verilog file ../../ethernet_transmission/div_clk_gen.v
HDL-1007 : analyze verilog file ../../ethernet_transmission/ethernet_trans.v
HDL-5373 WARNING: identifier 'soft_reset_cnt' is used before its declaration in ../../ethernet_transmission/ethernet_trans.v(64)
HDL-5373 WARNING: identifier 'clk_50_out' is used before its declaration in ../../ethernet_transmission/ethernet_trans.v(82)
HDL-5373 WARNING: identifier 'udp_clk' is used before its declaration in ../../ethernet_transmission/ethernet_trans.v(97)
HDL-5373 WARNING: identifier 'add_cnt0' is used before its declaration in ../../ethernet_transmission/ethernet_trans.v(335)
HDL-5373 WARNING: identifier 'end_cnt0' is used before its declaration in ../../ethernet_transmission/ethernet_trans.v(336)
HDL-5373 WARNING: identifier 'add_cnt1' is used before its declaration in ../../ethernet_transmission/ethernet_trans.v(354)
HDL-5373 WARNING: identifier 'end_cnt1' is used before its declaration in ../../ethernet_transmission/ethernet_trans.v(355)
HDL-1007 : analyze verilog file ../../ethernet_transmission/rgmii_interface.v
HDL-1007 : analyze verilog file ../../ethernet_transmission/rx_client_fifo.v
HDL-5370 WARNING: parameter 'WAIT_s' becomes localparam in 'rx_client_fifo' with formal parameter declaration list in ../../ethernet_transmission/rx_client_fifo.v(49)
HDL-5370 WARNING: parameter 'QUEUE1_s' becomes localparam in 'rx_client_fifo' with formal parameter declaration list in ../../ethernet_transmission/rx_client_fifo.v(50)
HDL-5370 WARNING: parameter 'QUEUE2_s' becomes localparam in 'rx_client_fifo' with formal parameter declaration list in ../../ethernet_transmission/rx_client_fifo.v(51)
HDL-5370 WARNING: parameter 'QUEUE3_s' becomes localparam in 'rx_client_fifo' with formal parameter declaration list in ../../ethernet_transmission/rx_client_fifo.v(52)
HDL-5370 WARNING: parameter 'QUEUE_SOF_s' becomes localparam in 'rx_client_fifo' with formal parameter declaration list in ../../ethernet_transmission/rx_client_fifo.v(53)
HDL-5370 WARNING: parameter 'SOF_s' becomes localparam in 'rx_client_fifo' with formal parameter declaration list in ../../ethernet_transmission/rx_client_fifo.v(54)
HDL-5370 WARNING: parameter 'DATA_s' becomes localparam in 'rx_client_fifo' with formal parameter declaration list in ../../ethernet_transmission/rx_client_fifo.v(55)
HDL-5370 WARNING: parameter 'EOF_s' becomes localparam in 'rx_client_fifo' with formal parameter declaration list in ../../ethernet_transmission/rx_client_fifo.v(56)
HDL-5370 WARNING: parameter 'IDLE_s' becomes localparam in 'rx_client_fifo' with formal parameter declaration list in ../../ethernet_transmission/rx_client_fifo.v(62)
HDL-5370 WARNING: parameter 'FRAME_s' becomes localparam in 'rx_client_fifo' with formal parameter declaration list in ../../ethernet_transmission/rx_client_fifo.v(63)
HDL-5370 Similar messages will be suppressed.
HDL-1007 : analyze verilog file ../../ethernet_transmission/temac_block.v
HDL-1007 : analyze verilog file ../../ethernet_transmission/temac_clk_gen.v
HDL-1007 : analyze verilog file ../../ethernet_transmission/tx_client_fifo.v
HDL-5370 WARNING: parameter 'IDLE_s' becomes localparam in 'tx_client_fifo' with formal parameter declaration list in ../../ethernet_transmission/tx_client_fifo.v(53)
HDL-5370 WARNING: parameter 'QUEUE1_s' becomes localparam in 'tx_client_fifo' with formal parameter declaration list in ../../ethernet_transmission/tx_client_fifo.v(54)
HDL-5370 WARNING: parameter 'QUEUE2_s' becomes localparam in 'tx_client_fifo' with formal parameter declaration list in ../../ethernet_transmission/tx_client_fifo.v(55)
HDL-5370 WARNING: parameter 'QUEUE3_s' becomes localparam in 'tx_client_fifo' with formal parameter declaration list in ../../ethernet_transmission/tx_client_fifo.v(56)
HDL-5370 WARNING: parameter 'QUEUE_ACK_s' becomes localparam in 'tx_client_fifo' with formal parameter declaration list in ../../ethernet_transmission/tx_client_fifo.v(57)
HDL-5370 WARNING: parameter 'WAIT_ACK_s' becomes localparam in 'tx_client_fifo' with formal parameter declaration list in ../../ethernet_transmission/tx_client_fifo.v(58)
HDL-5370 WARNING: parameter 'FRAME_s' becomes localparam in 'tx_client_fifo' with formal parameter declaration list in ../../ethernet_transmission/tx_client_fifo.v(59)
HDL-5370 WARNING: parameter 'DROP_s' becomes localparam in 'tx_client_fifo' with formal parameter declaration list in ../../ethernet_transmission/tx_client_fifo.v(60)
HDL-5370 WARNING: parameter 'RETRANSMIT_s' becomes localparam in 'tx_client_fifo' with formal parameter declaration list in ../../ethernet_transmission/tx_client_fifo.v(61)
HDL-5370 WARNING: parameter 'WAIT_s' becomes localparam in 'tx_client_fifo' with formal parameter declaration list in ../../ethernet_transmission/tx_client_fifo.v(67)
HDL-5370 Similar messages will be suppressed.
HDL-1007 : analyze verilog file ../../ethernet_transmission/tx_clk_en_gen.v
HDL-1007 : analyze verilog file ../../ethernet_transmission/udp_ip_protocol_stack_merge.enc.v
HDL-1007 : back to file '../../ethernet_transmission/udp_ip_protocol_stack_merge.enc.v' in ../../ethernet_transmission/udp_ip_protocol_stack_merge.enc.v(56)
HDL-1007 : undeclared symbol '**', assumed default net type '**' in ../../ethernet_transmission/udp_ip_protocol_stack_merge.enc.v(2638)
HDL-1007 : back to file '../../ethernet_transmission/udp_ip_protocol_stack_merge.enc.v' in ../../ethernet_transmission/udp_ip_protocol_stack_merge.enc.v(420)
HDL-1007 : analyze verilog file ../../src/bmp_udp_receiver.v
PRJ-1401 : Successfully analyzed 42 source files.
RUN-1002 : start command "commit_param -step design"
RUN-1001 : Print Global Property
RUN-1001 : --------------------------------------------------------
RUN-1001 :   Parameters   |  Settings  |  Default Values  |  Note  
RUN-1001 : --------------------------------------------------------
RUN-1001 :   enable_seed  |    off     |       off        |        
RUN-1001 :     message    |  standard  |     standard     |        
RUN-1001 :   qor_monitor  |     on     |        on        |        
RUN-1001 :   syn_ip_flow  |    off     |       off        |        
RUN-1001 :     thread     |    auto    |       auto       |        
RUN-1001 : --------------------------------------------------------
RUN-1001 : Print Design Property
RUN-1001 : ----------------------------------------------------------------
RUN-1001 :       Parameters       |  Settings  |  Default Values  |  Note  
RUN-1001 : ----------------------------------------------------------------
RUN-1001 :   default_reg_initial  |    auto    |       auto       |        
RUN-1001 :    hdl_warning_level   |   normal   |      normal      |        
RUN-1001 : ----------------------------------------------------------------
RUN-1002 : start command "elaborate -top Mujica_top"
HDL-1007 : port 'receive_busy' remains unconnected for this instance in ../../Mujika_top_control/Mujica_top.v(301)
HDL-1007 : port 'receive_done' remains unconnected for this instance in ../../Mujika_top_control/Mujica_top.v(301)
HDL-1007 : port 'receive_status' remains unconnected for this instance in ../../Mujika_top_control/Mujica_top.v(301)
HDL-1007 : elaborate module Mujica_top in ../../Mujika_top_control/Mujica_top.v(1)
HDL-7145 CRITICAL-WARNING: no support for synthesis of mixed edge and level triggers; assuming level triggers only. in ../../Mujika_top_control/Mujica_top.v(57)
HDL-7145 CRITICAL-WARNING: no support for synthesis of mixed edge and level triggers; assuming level triggers only. in ../../Mujika_top_control/Mujica_top.v(57)
HDL-7206 CRITICAL-WARNING: 'current_state' should be on the sensitivity list. Please consider rewriting code in ../../Mujika_top_control/Mujica_top.v(62)
HDL-5369 WARNING: latch inferred for net 'input_state[1]' in ../../Mujika_top_control/Mujica_top.v(57)
HDL-7145 CRITICAL-WARNING: no support for synthesis of mixed edge and level triggers; assuming level triggers only. in ../../Mujika_top_control/Mujica_top.v(81)
HDL-7145 CRITICAL-WARNING: no support for synthesis of mixed edge and level triggers; assuming level triggers only. in ../../Mujika_top_control/Mujica_top.v(81)
HDL-7206 CRITICAL-WARNING: 'current_state' should be on the sensitivity list. Please consider rewriting code in ../../Mujika_top_control/Mujica_top.v(86)
HDL-7206 CRITICAL-WARNING: 'send_working' should be on the sensitivity list. Please consider rewriting code in ../../Mujika_top_control/Mujica_top.v(88)
HDL-5369 WARNING: latch inferred for net 'return_idle' in ../../Mujika_top_control/Mujica_top.v(81)
HDL-7145 CRITICAL-WARNING: no support for synthesis of mixed edge and level triggers; assuming level triggers only. in ../../Mujika_top_control/Mujica_top.v(101)
HDL-7145 CRITICAL-WARNING: no support for synthesis of mixed edge and level triggers; assuming level triggers only. in ../../Mujika_top_control/Mujica_top.v(101)
HDL-7206 CRITICAL-WARNING: 'current_state' should be on the sensitivity list. Please consider rewriting code in ../../Mujika_top_control/Mujica_top.v(106)
HDL-7206 CRITICAL-WARNING: 'send_finish' should be on the sensitivity list. Please consider rewriting code in ../../Mujika_top_control/Mujica_top.v(108)
HDL-5369 WARNING: latch inferred for net 'change_pic' in ../../Mujika_top_control/Mujica_top.v(101)
HDL-7145 CRITICAL-WARNING: no support for synthesis of mixed edge and level triggers; assuming level triggers only. in ../../Mujika_top_control/Mujica_top.v(127)
HDL-7145 CRITICAL-WARNING: no support for synthesis of mixed edge and level triggers; assuming level triggers only. in ../../Mujika_top_control/Mujica_top.v(127)
HDL-7206 CRITICAL-WARNING: 'current_state' should be on the sensitivity list. Please consider rewriting code in ../../Mujika_top_control/Mujica_top.v(131)
HDL-7206 CRITICAL-WARNING: 'input_state' should be on the sensitivity list. Please consider rewriting code in ../../Mujika_top_control/Mujica_top.v(136)
HDL-7206 CRITICAL-WARNING: 'return_idle' should be on the sensitivity list. Please consider rewriting code in ../../Mujika_top_control/Mujica_top.v(162)
HDL-5369 WARNING: latch inferred for net 'next_state[2]' in ../../Mujika_top_control/Mujica_top.v(127)
HDL-1007 : port 'udp_rx_ready' remains unconnected for this instance in ../../src/bmp_transfer_wrapper.v(164)
HDL-1007 : elaborate module bmp_transfer_wrapper in ../../src/bmp_transfer_wrapper.v(1)
HDL-5007 WARNING: assignment to input 'eth_udp_tx_ready' in ../../src/top.v(85)
HDL-5007 WARNING: assignment to input 'eth_app_tx_ack' in ../../src/top.v(86)
HDL-1007 : elaborate module top in ../../src/top.v(1)
HDL-1007 : elaborate module sys_pll in ../../al_ip/sys_pll.v(24)
HDL-1007 : elaborate module EG_LOGIC_BUFG in D:\Anlogic\arch/eagle_macro.v(5)
HDL-1007 : elaborate module EG_PHY_PLL(FIN="50.000000",FBCLK_DIV=2,CLKC0_DIV=10,CLKC1_DIV=8,CLKC2_DIV=8,CLKC0_ENABLE="ENABLE",CLKC1_ENABLE="ENABLE",CLKC2_ENABLE="ENABLE",FEEDBK_PATH="CLKC0_EXT",STDBY_ENABLE="DISABLE",CLKC0_CPHASE=9,CLKC1_CPHASE=7,CLKC2_CPHASE=3,GMC_GAIN=4,ICP_CURRENT=29,KVCO=4,LPF_CAPACITOR=1,LPF_RESISTOR=2,SYNC_ENABLE="DISABLE") in D:\Anlogic\arch/eagle_macro.v(889)
HDL-5007 WARNING: assignment to input 'sd_sec_write_data_req' in ../../src/sd_card_bmp.v(163)
HDL-5007 WARNING: assignment to input 'sd_sec_write_end' in ../../src/sd_card_bmp.v(164)
HDL-1007 : elaborate module sd_card_bmp in ../../src/sd_card_bmp.v(1)
HDL-1007 : elaborate module ax_debounce in ../../src/ax_debounce.v(1)
HDL-1007 : elaborate module bmp_udp_sender in ../../src/bmp_udp_sender.v(1)
HDL-1007 : extracting RAM for identifier 'data_buffer' in ../../src/bmp_udp_sender.v(70)
HDL-1007 : elaborate module bmp_udp_receiver in ../../src/bmp_udp_receiver.v(1)
HDL-1007 : extracting RAM for identifier 'data_buffer' in ../../src/bmp_udp_receiver.v(53)
HDL-5007 WARNING: delay control is not supported for synthesis in ../../src/bmp_udp_receiver.v(283)
HDL-1007 : elaborate module sd_card_top in ../../src/sd_card/sd_card_top.v(2)
HDL-1007 : elaborate module sd_card_sec_read_write in ../../src/sd_card/sd_card_sec_read_write.v(2)
HDL-1007 : elaborate module sd_card_cmd in ../../src/sd_card/sd_card_cmd.v(2)
HDL-1007 : elaborate module spi_master in ../../src/sd_card/spi_master.v(2)
HDL-1007 : elaborate module sdram in ../../src/sdram/sdram.v(12)
HDL-1007 : elaborate module sdr_as_ram(self_refresh_open=1'b1) in ../../src/sdram/enc_file/sdr_as_ram.enc.v(12)
HDL-5007 WARNING: concatenation with an unsized literal will be treated as 32 bits in ../../src/sdram/enc_file/sdr_init_ref.enc.v(47)
HDL-1007 : elaborate module sdr_init_ref(self_refresh_open=1'b1) in ../../src/sdram/enc_file/sdr_init_ref.enc.v(13)
HDL-5007 WARNING: concatenation with an unsized literal will be treated as 32 bits in ../../src/sdram/enc_file/sdr_wrrd.enc.v(283)
HDL-1007 : elaborate module ** in ../../src/sdram/enc_file/sdr_wrrd.enc.v(3)
HDL-5317 WARNING: input port '**' is not connected on this instance in ../../src/sdram/enc_file/sdr_as_ram.enc.v(17)
HDL-1007 : elaborate module EG_PHY_SDRAM_2M_32 in D:\Anlogic\arch/eagle_macro.v(683)
HDL-1007 : port 'valid' remains unconnected for this instance in ../../src/frame_read_write.v(89)
HDL-1007 : port 'afull' remains unconnected for this instance in ../../src/frame_read_write.v(89)
HDL-1007 : port 'aempty' remains unconnected for this instance in ../../src/frame_read_write.v(89)
HDL-1007 : port 'valid' remains unconnected for this instance in ../../src/frame_read_write.v(138)
HDL-1007 : port 'afull' remains unconnected for this instance in ../../src/frame_read_write.v(138)
HDL-1007 : port 'aempty' remains unconnected for this instance in ../../src/frame_read_write.v(138)
HDL-1007 : elaborate module frame_read_write in ../../src/frame_read_write.v(2)
HDL-1007 : port 'doa' remains unconnected for this instance in ../../al_ip/afifo_16_32_256.v(226)
HDL-1007 : port 'dib' remains unconnected for this instance in ../../al_ip/afifo_16_32_256.v(226)
HDL-1007 : elaborate module wfifo_32_32_512 in ../../al_ip/afifo_16_32_256.v(13)
HDL-1007 : elaborate module fifo_cross_domain_addr_process_al_wfifo_32_32_512 in ../../al_ip/afifo_16_32_256.v(250)
HDL-1007 : elaborate module ram_infer_wfifo_32_32_512(ADDRWIDTH_A=9,DATAWIDTH_B=32,ADDRWIDTH_B=9) in ../../al_ip/afifo_16_32_256.v(333)
HDL-1007 : extracting RAM for identifier 'memory' in ../../al_ip/afifo_16_32_256.v(398)
HDL-5317 WARNING: input port 'dib[31]' is not connected on this instance in ../../al_ip/afifo_16_32_256.v(231)
HDL-1007 : elaborate module frame_fifo_write(BURST_SIZE=256) in ../../src/frame_fifo_write.v(2)
HDL-5007 WARNING: actual bit length 9 differs from formal bit length 10 for port 'rdusedw' in ../../src/frame_read_write.v(134)
HDL-1007 : port 'doa' remains unconnected for this instance in ../../al_ip/afifo_32_16_256.v(226)
HDL-1007 : port 'dib' remains unconnected for this instance in ../../al_ip/afifo_32_16_256.v(226)
HDL-1007 : elaborate module rfifo_32_32_512 in ../../al_ip/afifo_32_16_256.v(13)
HDL-1007 : elaborate module fifo_cross_domain_addr_process_al_rfifo_32_32_512 in ../../al_ip/afifo_32_16_256.v(250)
HDL-1007 : elaborate module ram_infer_rfifo_32_32_512(ADDRWIDTH_A=9,DATAWIDTH_B=32,ADDRWIDTH_B=9) in ../../al_ip/afifo_32_16_256.v(333)
HDL-1007 : extracting RAM for identifier 'memory' in ../../al_ip/afifo_32_16_256.v(398)
HDL-5317 WARNING: input port 'dib[31]' is not connected on this instance in ../../al_ip/afifo_32_16_256.v(231)
HDL-1007 : elaborate module frame_fifo_read(BURST_SIZE=256) in ../../src/frame_fifo_read.v(2)
HDL-5007 WARNING: actual bit length 9 differs from formal bit length 10 for port 'wrusedw' in ../../src/frame_read_write.v(184)
HDL-5007 WARNING: actual bit length 24 differs from formal bit length 21 for port 'read_addr_0' in ../../src/top.v(202)
HDL-5007 WARNING: actual bit length 24 differs from formal bit length 21 for port 'read_addr_1' in ../../src/top.v(203)
HDL-5007 WARNING: actual bit length 24 differs from formal bit length 21 for port 'read_addr_2' in ../../src/top.v(204)
HDL-5007 WARNING: actual bit length 24 differs from formal bit length 21 for port 'read_addr_3' in ../../src/top.v(205)
HDL-5007 WARNING: actual bit length 24 differs from formal bit length 21 for port 'read_len' in ../../src/top.v(207)
HDL-5007 WARNING: actual bit length 24 differs from formal bit length 21 for port 'write_addr_0' in ../../src/top.v(222)
HDL-5007 WARNING: actual bit length 24 differs from formal bit length 21 for port 'write_addr_1' in ../../src/top.v(223)
HDL-5007 WARNING: actual bit length 24 differs from formal bit length 21 for port 'write_addr_2' in ../../src/top.v(224)
HDL-5007 WARNING: actual bit length 24 differs from formal bit length 21 for port 'write_addr_3' in ../../src/top.v(225)
HDL-5007 Similar messages will be suppressed.
HDL-5314 WARNING: net 'recv_state_code[3]' does not have a driver in ../../src/top.v(67)
HDL-5314 WARNING: net 'sd_card_write_en' does not have a driver in ../../src/top.v(171)
HDL-5314 WARNING: net 'sd_card_write_data[31]' does not have a driver in ../../src/top.v(172)
HDL-5314 WARNING: net 'sd_card_write_req' does not have a driver in ../../src/top.v(173)
HDL-5323 WARNING: input port 'sd_sec_write_data_req' remains unconnected for this instance in ../../src/top.v(70)
HDL-5323 WARNING: input port 'read_en' remains unconnected for this instance in ../../src/top.v(182)
HDL-1007 : elaborate module state_sender in ../../Mujika_top_control/state_sender.v(3)
HDL-5007 WARNING: delay control is not supported for synthesis in ../../Mujika_top_control/state_sender.v(124)
HDL-1007 : port 'clk2_out' remains unconnected for this instance in ../../ethernet_transmission/ethernet_trans.v(112)
HDL-1007 : port 'tri_speed' remains unconnected for this instance in ../../ethernet_transmission/ethernet_trans.v(211)
HDL-1007 : port 'mdio_o' remains unconnected for this instance in ../../ethernet_transmission/ethernet_trans.v(211)
HDL-1007 : port 'mdio_oen' remains unconnected for this instance in ../../ethernet_transmission/ethernet_trans.v(211)
HDL-1007 : port 'mdio_clk' remains unconnected for this instance in ../../ethernet_transmission/ethernet_trans.v(211)
HDL-1007 : elaborate module ethernet_trans_control in ../../ethernet_transmission/ethernet_trans.v(6)
HDL-1007 : elaborate module rx_pll in ../../ethernet_transmission/al_ip/rx_pll.v(24)
HDL-1007 : elaborate module EG_PHY_PLL(FIN="125.000",CLKC0_DIV=8,CLKC1_DIV=8,CLKC2_DIV=4,CLKC0_ENABLE="ENABLE",CLKC1_ENABLE="ENABLE",CLKC2_ENABLE="ENABLE",FEEDBK_PATH="CLKC0_EXT",STDBY_ENABLE="DISABLE",CLKC0_CPHASE=7,CLKC1_CPHASE=7,CLKC2_CPHASE=3,GMC_GAIN=6,GMC_TEST=15,ICP_CURRENT=13,KVCO=4,LPF_CAPACITOR=1,LPF_RESISTOR=2,SYNC_ENABLE="DISABLE") in D:\Anlogic\arch/eagle_macro.v(889)
HDL-1007 : elaborate module clk_gen_rst_gen in ../../ethernet_transmission/clk_gen_rst_gen.v(31)
HDL-1007 : elaborate module pll_gen in ../../ethernet_transmission/al_ip/pll_gen.v(26)
HDL-1007 : elaborate module EG_PHY_PLL(FIN="50.000000",REFCLK_DIV=2,FBCLK_DIV=5,CLKC0_DIV=8,CLKC1_DIV=8,CLKC2_DIV=80,CLKC3_DIV=40,CLKC4_DIV=8,CLKC0_ENABLE="ENABLE",CLKC1_ENABLE="ENABLE",CLKC2_ENABLE="ENABLE",CLKC3_ENABLE="ENABLE",CLKC4_ENABLE="ENABLE",FEEDBK_PATH="CLKC0_EXT",STDBY_ENABLE="DISABLE",CLKC0_CPHASE=7,CLKC1_CPHASE=7,CLKC2_CPHASE=79,CLKC3_CPHASE=39,GMC_GAIN=2,ICP_CURRENT=9,KVCO=2,LPF_CAPACITOR=1,LPF_RESISTOR=8,SYNC_ENABLE="DISABLE") in D:\Anlogic\arch/eagle_macro.v(889)
HDL-1007 : elaborate module div_clk_gen in ../../ethernet_transmission/div_clk_gen.v(31)
HDL-1007 : elaborate module udp_clk_gen in ../../ethernet_transmission/temac_clk_gen.v(30)
HDL-1007 : elaborate module temac_block in ../../ethernet_transmission/temac_block.v(2)
HDL-1007 : elaborate module tx_clk_en_gen in ../../ethernet_transmission/tx_clk_en_gen.v(16)
HDL-1007 : elaborate module rgmii_interface in ../../ethernet_transmission/rgmii_interface.v(14)
HDL-1007 : elaborate module ODDR in ../../ethernet_transmission/ODDR.v(23)
HDL-1007 : elaborate module EG_LOGIC_ODDR in D:\Anlogic\arch/eagle_macro.v(66)
HDL-1007 : elaborate module IDDR(DEVICE="EG4") in ../../ethernet_transmission/IDDR.v(23)
HDL-1007 : elaborate module EG_LOGIC_IDDR in D:\Anlogic\arch/eagle_macro.v(57)
HDL-1007 : elaborate module TEMAC_CORE in ../../ethernet_transmission/al_ip/TEMAC_CORE/TEMAC_CORE.v(9)
HDL-1007 : elaborate module mac_core_aead6cd6dadd(P_HOST_EN=1'b0,P_ADD_FILT_LIST=0) in ../../ethernet_transmission/al_ip/TEMAC_CORE/RTL/mac_core_aead6cd6dadd.v(14)
HDL-1007 : elaborate module TEMAC_CORE_aead6cd6dadd(P_HALF_DUPLEX=1'b1) in ../../ethernet_transmission/al_ip/TEMAC_CORE/RTL/TEMAC_CORE_aead6cd6dadd.v(1)
HDL-1007 : elaborate module ** in ../../ethernet_transmission/al_ip/TEMAC_CORE/RTL/TEMAC_CORE_aead6cd6dadd.v(9306)
HDL-1007 : elaborate module ** in ../../ethernet_transmission/al_ip/TEMAC_CORE/RTL/TEMAC_CORE_aead6cd6dadd.v(186)
HDL-1007 : elaborate module ** in ../../ethernet_transmission/al_ip/TEMAC_CORE/RTL/TEMAC_CORE_aead6cd6dadd.v(5470)
HDL-1007 : elaborate module ** in ../../ethernet_transmission/al_ip/TEMAC_CORE/RTL/TEMAC_CORE_aead6cd6dadd.v(6852)
HDL-1007 : elaborate module ** in ../../ethernet_transmission/al_ip/TEMAC_CORE/RTL/TEMAC_CORE_aead6cd6dadd.v(7513)
HDL-1007 : elaborate module ** in ../../ethernet_transmission/al_ip/TEMAC_CORE/RTL/TEMAC_CORE_aead6cd6dadd.v(3818)
HDL-1007 : elaborate module ** in ../../ethernet_transmission/al_ip/TEMAC_CORE/RTL/TEMAC_CORE_aead6cd6dadd.v(3754)
HDL-1007 : elaborate module ** in ../../ethernet_transmission/al_ip/TEMAC_CORE/RTL/TEMAC_CORE_aead6cd6dadd.v(3865)
HDL-1007 : elaborate module ** in ../../ethernet_transmission/al_ip/TEMAC_CORE/RTL/TEMAC_CORE_aead6cd6dadd.v(3808)
HDL-1007 : elaborate module ** in ../../ethernet_transmission/al_ip/TEMAC_CORE/RTL/TEMAC_CORE_aead6cd6dadd.v(3829)
HDL-5007 WARNING: specify block is ignored for synthesis in ../../ethernet_transmission/al_ip/TEMAC_CORE/RTL/TEMAC_CORE_aead6cd6dadd.v(3840)
HDL-1007 : elaborate module ** in ../../ethernet_transmission/al_ip/TEMAC_CORE/RTL/TEMAC_CORE_aead6cd6dadd.v(7839)
HDL-1007 : elaborate module ** in ../../ethernet_transmission/al_ip/TEMAC_CORE/RTL/TEMAC_CORE_aead6cd6dadd.v(1251)
HDL-1007 : elaborate module ** in ../../ethernet_transmission/al_ip/TEMAC_CORE/RTL/TEMAC_CORE_aead6cd6dadd.v(8904)
HDL-1007 : elaborate module ** in ../../ethernet_transmission/al_ip/TEMAC_CORE/RTL/TEMAC_CORE_aead6cd6dadd.v(6199)
HDL-1007 : elaborate module ** in ../../ethernet_transmission/al_ip/TEMAC_CORE/RTL/TEMAC_CORE_aead6cd6dadd.v(4813)
HDL-1007 : elaborate module ** in ../../ethernet_transmission/al_ip/TEMAC_CORE/RTL/TEMAC_CORE_aead6cd6dadd.v(3988)
HDL-1007 : elaborate module ** in ../../ethernet_transmission/al_ip/TEMAC_CORE/RTL/TEMAC_CORE_aead6cd6dadd.v(225)
HDL-1007 : elaborate module ** in ../../ethernet_transmission/al_ip/TEMAC_CORE/RTL/TEMAC_CORE_aead6cd6dadd.v(3844)
HDL-1007 : elaborate module ** in ../../ethernet_transmission/al_ip/TEMAC_CORE/RTL/TEMAC_CORE_aead6cd6dadd.v(4444)
HDL-1007 : elaborate module ** in ../../ethernet_transmission/al_ip/TEMAC_CORE/RTL/TEMAC_CORE_aead6cd6dadd.v(6947)
HDL-1007 : elaborate module ** in ../../ethernet_transmission/al_ip/TEMAC_CORE/RTL/TEMAC_CORE_aead6cd6dadd.v(6270)
HDL-1007 : elaborate module ** in ../../ethernet_transmission/al_ip/TEMAC_CORE/RTL/TEMAC_CORE_aead6cd6dadd.v(8504)
HDL-1007 : elaborate module ** in ../../ethernet_transmission/al_ip/TEMAC_CORE/RTL/TEMAC_CORE_aead6cd6dadd.v(8272)
HDL-1007 : elaborate module ** in ../../ethernet_transmission/al_ip/TEMAC_CORE/RTL/TEMAC_CORE_aead6cd6dadd.v(4209)
HDL-1007 : elaborate module ** in ../../ethernet_transmission/al_ip/TEMAC_CORE/RTL/TEMAC_CORE_aead6cd6dadd.v(4055)
HDL-1007 : elaborate module ** in ../../ethernet_transmission/al_ip/TEMAC_CORE/RTL/TEMAC_CORE_aead6cd6dadd.v(253)
HDL-1007 : elaborate module ** in ../../ethernet_transmission/al_ip/TEMAC_CORE/RTL/TEMAC_CORE_aead6cd6dadd.v(4147)
HDL-5314 WARNING: net '**' does not have a driver in ../../ethernet_transmission/al_ip/TEMAC_CORE/RTL/TEMAC_CORE_aead6cd6dadd.v(353)
HDL-5314 WARNING: net '**' does not have a driver in ../../ethernet_transmission/al_ip/TEMAC_CORE/RTL/TEMAC_CORE_aead6cd6dadd.v(9517)
HDL-5314 WARNING: net '**' does not have a driver in ../../ethernet_transmission/al_ip/TEMAC_CORE/RTL/TEMAC_CORE_aead6cd6dadd.v(9520)
HDL-5314 WARNING: net '**' does not have a driver in ../../ethernet_transmission/al_ip/TEMAC_CORE/RTL/TEMAC_CORE_aead6cd6dadd.v(9525)
HDL-5314 WARNING: net '**' does not have a driver in ../../ethernet_transmission/al_ip/TEMAC_CORE/RTL/TEMAC_CORE_aead6cd6dadd.v(9526)
HDL-5314 WARNING: net '**' does not have a driver in ../../ethernet_transmission/al_ip/TEMAC_CORE/RTL/TEMAC_CORE_aead6cd6dadd.v(9527)
HDL-5314 WARNING: net '**' does not have a driver in ../../ethernet_transmission/al_ip/TEMAC_CORE/RTL/TEMAC_CORE_aead6cd6dadd.v(9528)
HDL-5007 WARNING: actual bit length 20 differs from formal bit length 85 for port 'mac_cfg_vector' in ../../ethernet_transmission/temac_block.v(360)
HDL-5323 WARNING: input port 'mac_has_sgmii' remains unconnected for this instance in ../../ethernet_transmission/temac_block.v(294)
HDL-1007 : elaborate module tx_client_fifo(DEVICE="EG4") in ../../ethernet_transmission/tx_client_fifo.v(14)
HDL-1007 : elaborate module RAMB16_S9_S9(DEVICE="EG4") in ../../ethernet_transmission/RAMB16_S9_S9.v(4)
HDL-1007 : elaborate module EG_LOGIC_BRAM(DATA_WIDTH_B=9,ADDR_WIDTH_A=11,ADDR_WIDTH_B=11,DATA_DEPTH_A=2048,DATA_DEPTH_B=2048,WRITEMODE_A="WRITETHROUGH",WRITEMODE_B="WRITETHROUGH") in D:\Anlogic\arch/eagle_macro.v(986)
HDL-5007 WARNING: actual bit length 32 differs from formal bit length 1 for port 'cea' in ../../ethernet_transmission/tx_client_fifo.v(1293)
HDL-5007 WARNING: actual bit length 32 differs from formal bit length 1 for port 'web' in ../../ethernet_transmission/tx_client_fifo.v(1303)
HDL-5007 WARNING: actual bit length 32 differs from formal bit length 1 for port 'cea' in ../../ethernet_transmission/tx_client_fifo.v(1315)
HDL-5007 WARNING: actual bit length 32 differs from formal bit length 1 for port 'web' in ../../ethernet_transmission/tx_client_fifo.v(1325)
HDL-5323 WARNING: input port 'dib[8]' remains unconnected for this instance in ../../ethernet_transmission/tx_client_fifo.v(1291)
HDL-5323 WARNING: input port 'dib[8]' remains unconnected for this instance in ../../ethernet_transmission/tx_client_fifo.v(1312)
HDL-1007 : elaborate module rx_client_fifo(DEVICE="EG4") in ../../ethernet_transmission/rx_client_fifo.v(14)
HDL-5007 WARNING: actual bit length 32 differs from formal bit length 1 for port 'cea' in ../../ethernet_transmission/rx_client_fifo.v(873)
HDL-5007 WARNING: actual bit length 32 differs from formal bit length 1 for port 'web' in ../../ethernet_transmission/rx_client_fifo.v(883)
HDL-5007 WARNING: actual bit length 32 differs from formal bit length 1 for port 'cea' in ../../ethernet_transmission/rx_client_fifo.v(894)
HDL-5007 Similar messages will be suppressed.
HDL-5323 WARNING: input port 'dib[8]' remains unconnected for this instance in ../../ethernet_transmission/rx_client_fifo.v(871)
HDL-5323 WARNING: input port 'dib[8]' remains unconnected for this instance in ../../ethernet_transmission/rx_client_fifo.v(892)
HDL-1007 : port '**' remains unconnected for this instance in ../../ethernet_transmission/udp_ip_protocol_stack_merge.enc.v(284)
HDL-1007 : port '**' remains unconnected for this instance in ../../ethernet_transmission/udp_ip_protocol_stack_merge.enc.v(284)
HDL-1007 : port '**' remains unconnected for this instance in ../../ethernet_transmission/udp_ip_protocol_stack_merge.enc.v(284)
HDL-1007 : elaborate module udp_ip_protocol_stack(LOCAL_UDP_PORT_NUM=16'b01,LOCAL_IP_ADDRESS=32'b11000000101010001111000000000001) in ../../ethernet_transmission/udp_ip_protocol_stack_merge.enc.v(2)
HDL-1007 : elaborate module ** in ../../ethernet_transmission/udp_ip_protocol_stack_merge.enc.v(3861)
HDL-1007 : elaborate module ** in ../../ethernet_transmission/udp_ip_protocol_stack_merge.enc.v(4077)
HDL-1007 : elaborate module ** in ../../ethernet_transmission/udp_ip_protocol_stack_merge.enc.v(3465)
HDL-1007 : elaborate module ** in ../../ethernet_transmission/udp_ip_protocol_stack_merge.enc.v(3963)
HDL-1007 : port '**' remains unconnected for this instance in ../../ethernet_transmission/udp_ip_protocol_stack_merge.enc.v(1251)
HDL-1007 : port '**' remains unconnected for this instance in ../../ethernet_transmission/udp_ip_protocol_stack_merge.enc.v(1251)
HDL-1007 : elaborate module ** in ../../ethernet_transmission/udp_ip_protocol_stack_merge.enc.v(1172)
HDL-1007 : elaborate module ** in ../../ethernet_transmission/udp_ip_protocol_stack_merge.enc.v(2405)
HDL-1007 : elaborate module ** in ../../ethernet_transmission/udp_ip_protocol_stack_merge.enc.v(2482)
HDL-1007 : elaborate module EG_LOGIC_BRAM(DATA_WIDTH_A=8,DATA_WIDTH_B=8,ADDR_WIDTH_A=11,ADDR_WIDTH_B=11,DATA_DEPTH_A=2048,DATA_DEPTH_B=2048,MODE="PDPW",RESETMODE="ASYNC") in D:\Anlogic\arch/eagle_macro.v(986)
HDL-1007 : elaborate module ** in ../../ethernet_transmission/udp_ip_protocol_stack_merge.enc.v(3068)
HDL-1007 : elaborate module ** in ../../ethernet_transmission/udp_ip_protocol_stack_merge.enc.v(1601)
HDL-1007 : elaborate module ** in ../../ethernet_transmission/udp_ip_protocol_stack_merge.enc.v(3465)
HDL-1007 : elaborate module ** in ../../ethernet_transmission/udp_ip_protocol_stack_merge.enc.v(909)
HDL-1007 : elaborate module ** in ../../ethernet_transmission/udp_ip_protocol_stack_merge.enc.v(1374)
HDL-1007 : elaborate module ** in ../../ethernet_transmission/udp_ip_protocol_stack_merge.enc.v(1079)
HDL-1007 : elaborate module ** in ../../ethernet_transmission/udp_ip_protocol_stack_merge.enc.v(713)
HDL-1007 : elaborate module ** in ../../ethernet_transmission/udp_ip_protocol_stack_merge.enc.v(26)
HDL-1007 : elaborate module ** in ../../ethernet_transmission/udp_ip_protocol_stack_merge.enc.v(436)
HDL-1007 : elaborate module ** in ../../ethernet_transmission/udp_ip_protocol_stack_merge.enc.v(223)
HDL-1007 : elaborate module ** in ../../ethernet_transmission/udp_ip_protocol_stack_merge.enc.v(1920)
HDL-1007 : elaborate module ** in ../../ethernet_transmission/udp_ip_protocol_stack_merge.enc.v(3190)
HDL-1007 : elaborate module ** in ../../ethernet_transmission/udp_ip_protocol_stack_merge.enc.v(3113)
HDL-1007 : elaborate module ** in ../../ethernet_transmission/udp_ip_protocol_stack_merge.enc.v(3537)
HDL-1007 : elaborate module ** in ../../ethernet_transmission/udp_ip_protocol_stack_merge.enc.v(3465)
HDL-1007 : elaborate module ** in ../../ethernet_transmission/udp_ip_protocol_stack_merge.enc.v(3465)
HDL-5323 WARNING: input port 'mdio_i' remains unconnected for this instance in ../../ethernet_transmission/ethernet_trans.v(212)
HDL-5314 WARNING: net 'app1_tx_data_request' does not have a driver in ../../src/bmp_transfer_wrapper.v(54)
HDL-5314 WARNING: net 'top_state_code[3]' does not have a driver in ../../src/bmp_transfer_wrapper.v(81)
HDL-5314 WARNING: net 'cmd_valid' does not have a driver in ../../Mujika_top_control/Mujica_top.v(307)
HDL-5323 WARNING: input port 'start_receive' remains unconnected for this instance in ../../Mujika_top_control/Mujica_top.v(301)
HDL-1200 : Current top model is Mujica_top
HDL-1100 : Inferred 4 RAMs.
RUN-1002 : start command "read_adc ../../Mujica.adc"
RUN-1002 : start command "set_pin_assignment  sys_clk   LOCATION = R7; IOSTANDARD = LVCMOS33; PULLTYPE = NONE; "
RUN-1002 : start command "set_pin_assignment  led[0]   LOCATION = virtualIO; "
RUN-1002 : start command "set_pin_assignment  led[1]   LOCATION = virtualIO; "
RUN-1002 : start command "set_pin_assignment  led[2]   LOCATION = virtualIO; "
RUN-1002 : start command "set_pin_assignment  phy1_rgmii_rx_clk   LOCATION = T14; IOSTANDARD = LVCMOS33; PULLTYPE = NONE; "
RUN-1002 : start command "set_pin_assignment  phy1_rgmii_rx_ctl   LOCATION = T13; IOSTANDARD = LVCMOS33; PULLTYPE = NONE; "
RUN-1002 : start command "set_pin_assignment  phy1_rgmii_rx_data[0]   LOCATION = P6; IOSTANDARD = LVCMOS33; PULLTYPE = NONE; "
RUN-1002 : start command "set_pin_assignment  phy1_rgmii_rx_data[1]   LOCATION = M6; IOSTANDARD = LVCMOS33; PULLTYPE = NONE; "
RUN-1002 : start command "set_pin_assignment  phy1_rgmii_rx_data[2]   LOCATION = T9; IOSTANDARD = LVCMOS33; PULLTYPE = NONE; "
RUN-1002 : start command "set_pin_assignment  phy1_rgmii_rx_data[3]   LOCATION = N9; IOSTANDARD = LVCMOS33; PULLTYPE = NONE; "
RUN-1002 : start command "set_pin_assignment  phy1_rgmii_tx_clk   LOCATION = T12; IOSTANDARD = LVCMOS33; DRIVESTRENGTH = 16; PULLTYPE = NONE; SLEWRATE = FAST; "
RUN-1002 : start command "set_pin_assignment  phy1_rgmii_tx_ctl   LOCATION = T7; IOSTANDARD = LVCMOS33; DRIVESTRENGTH = 16; PULLTYPE = NONE; SLEWRATE = FAST; "
RUN-1002 : start command "set_pin_assignment  phy1_rgmii_tx_data[0]   LOCATION = T4; IOSTANDARD = LVCMOS33; DRIVESTRENGTH = 16; PULLTYPE = NONE; SLEWRATE = FAST; "
RUN-1002 : start command "set_pin_assignment  phy1_rgmii_tx_data[1]   LOCATION = T6; IOSTANDARD = LVCMOS33; DRIVESTRENGTH = 16; PULLTYPE = NONE; SLEWRATE = FAST; "
RUN-1002 : start command "set_pin_assignment  phy1_rgmii_tx_data[2]   LOCATION = M7; IOSTANDARD = LVCMOS33; DRIVESTRENGTH = 16; PULLTYPE = NONE; SLEWRATE = FAST; "
RUN-1002 : start command "set_pin_assignment  phy1_rgmii_tx_data[3]   LOCATION = T8; IOSTANDARD = LVCMOS33; DRIVESTRENGTH = 16; PULLTYPE = NONE; SLEWRATE = FAST; "
RUN-1002 : start command "set_pin_assignment  sd_dclk   LOCATION = A14; IOSTANDARD = LVCMOS33; DRIVESTRENGTH = 8; PULLTYPE = NONE; "
RUN-1002 : start command "set_pin_assignment  sd_ncs   LOCATION = A12; IOSTANDARD = LVCMOS33; DRIVESTRENGTH = 8; PULLTYPE = NONE; "
RUN-1002 : start command "set_pin_assignment  sd_miso   LOCATION = B14; IOSTANDARD = LVCMOS33; PULLTYPE = NONE; "
RUN-1002 : start command "set_pin_assignment  sd_mosi   LOCATION = A13; IOSTANDARD = LVCMOS33; DRIVESTRENGTH = 8; PULLTYPE = NONE; "
RUN-1002 : start command "set_pin_assignment  rst_n   LOCATION = A2; IOSTANDARD = LVCMOS33; PULLTYPE = NONE; "
RUN-1001 : Starting of IO setups legality check.
RUN-1001 : Starting of IO vref setups legality check.
RUN-1002 : start command "read_adc ../../top.adc"
RUN-1002 : start command "set_pin_assignment  sys_clk   LOCATION = R7; IOSTANDARD = LVCMOS33; PULLTYPE = NONE; "
RUN-1002 : start command "set_pin_assignment  rst_n   LOCATION = A2; IOSTANDARD = LVCMOS33; PULLTYPE = NONE; "
RUN-1002 : start command "set_pin_assignment  sd_dclk   LOCATION = A14; IOSTANDARD = LVCMOS33; DRIVESTRENGTH = 8; PULLTYPE = NONE; "
RUN-1002 : start command "set_pin_assignment  sd_miso   LOCATION = B14; IOSTANDARD = LVCMOS33; PULLTYPE = NONE; "
RUN-1002 : start command "set_pin_assignment  sd_mosi   LOCATION = A13; IOSTANDARD = LVCMOS33; DRIVESTRENGTH = 8; PULLTYPE = NONE; "
RUN-1002 : start command "set_pin_assignment  sd_ncs   LOCATION = A12; IOSTANDARD = LVCMOS33; DRIVESTRENGTH = 8; PULLTYPE = NONE; "
RUN-1002 : start command "set_pin_assignment  phy1_rgmii_rx_clk   LOCATION = T14; IOSTANDARD = LVCMOS33; PULLTYPE = NONE; "
RUN-1002 : start command "set_pin_assignment  phy1_rgmii_rx_ctl   LOCATION = T13; IOSTANDARD = LVCMOS33; PULLTYPE = NONE; "
RUN-1002 : start command "set_pin_assignment  phy1_rgmii_rx_data[0]   LOCATION = P6; IOSTANDARD = LVCMOS33; PULLTYPE = NONE; "
RUN-1002 : start command "set_pin_assignment  phy1_rgmii_rx_data[1]   LOCATION = M6; IOSTANDARD = LVCMOS33; PULLTYPE = NONE; "
RUN-1002 : start command "set_pin_assignment  phy1_rgmii_rx_data[2]   LOCATION = T9; IOSTANDARD = LVCMOS33; PULLTYPE = NONE; "
RUN-1002 : start command "set_pin_assignment  phy1_rgmii_rx_data[3]   LOCATION = N9; IOSTANDARD = LVCMOS33; PULLTYPE = NONE; "
RUN-1002 : start command "set_pin_assignment  phy1_rgmii_tx_clk   LOCATION = T12; IOSTANDARD = LVCMOS33; DRIVESTRENGTH = 16; PULLTYPE = NONE; SLEWRATE = FAST; "
RUN-1002 : start command "set_pin_assignment  phy1_rgmii_tx_ctl   LOCATION = T7; IOSTANDARD = LVCMOS33; DRIVESTRENGTH = 16; PULLTYPE = NONE; SLEWRATE = FAST; "
RUN-1002 : start command "set_pin_assignment  phy1_rgmii_tx_data[0]   LOCATION = T4; IOSTANDARD = LVCMOS33; DRIVESTRENGTH = 16; PULLTYPE = NONE; SLEWRATE = FAST; "
RUN-1002 : start command "set_pin_assignment  phy1_rgmii_tx_data[1]   LOCATION = T6; IOSTANDARD = LVCMOS33; DRIVESTRENGTH = 16; PULLTYPE = NONE; SLEWRATE = FAST; "
RUN-1002 : start command "set_pin_assignment  phy1_rgmii_tx_data[2]   LOCATION = M7; IOSTANDARD = LVCMOS33; DRIVESTRENGTH = 16; PULLTYPE = NONE; SLEWRATE = FAST; "
RUN-1002 : start command "set_pin_assignment  phy1_rgmii_tx_data[3]   LOCATION = T8; IOSTANDARD = LVCMOS33; DRIVESTRENGTH = 16; PULLTYPE = NONE; SLEWRATE = FAST; "
RUN-1001 : Starting of IO setups legality check.
RUN-1001 : Starting of IO vref setups legality check.
RUN-1002 : start command "read_sdc ../../Mujica.sdc"
RUN-1002 : start command "read_sdc ../../top.sdc"
RUN-1002 : start command "read_sdc -ip rfifo_32_32_512 ../../al_ip/afifo_32_16_256.tcl"
RUN-1002 : start command "read_sdc -ip wfifo_32_32_512 ../../al_ip/afifo_16_32_256.tcl"
RUN-1002 : start command "export_db pic_sdram_elaborate.db"
RUN-1001 : Exported flow parameters
RUN-1001 : Exported /
RUN-1001 : Exported libs
RUN-1001 : Exported entities
RUN-1001 : Exported ports
RUN-1001 : Exported pins
RUN-1001 : Exported instances
RUN-1001 : Exported nets
RUN-1001 : Exported buses
RUN-1001 : Exported models
RUN-1001 : Exported packer
RUN-1001 : Exported congestions
RUN-1001 : Exported violations
RUN-1001 : Exported ATMR Setting
RUN-1001 : Exported timing constraints
RUN-1001 : Exported IO constraints
RUN-1001 : Exported Inst constraints
RUN-1001 : Exported ChipWatcher
RUN-1002 : start command "commit_param -step rtl"
RUN-1001 : Print Global Property
RUN-1001 : --------------------------------------------------------
RUN-1001 :   Parameters   |  Settings  |  Default Values  |  Note  
RUN-1001 : --------------------------------------------------------
RUN-1001 :   enable_seed  |    off     |       off        |        
RUN-1001 :     message    |  standard  |     standard     |        
RUN-1001 :   qor_monitor  |     on     |        on        |        
RUN-1001 :   syn_ip_flow  |    off     |       off        |        
RUN-1001 :     thread     |    auto    |       auto       |        
RUN-1001 : --------------------------------------------------------
RUN-1001 : Print Rtl Property
RUN-1001 : -------------------------------------------------------------------
RUN-1001 :         Parameters        |  Settings  |  Default Values  |  Note  
RUN-1001 : -------------------------------------------------------------------
RUN-1001 :        fix_undriven       |     0      |        0         |        
RUN-1001 :   gated_clock_conversion  |    off     |       off        |        
RUN-1001 :         infer_fsm         |    auto    |       auto       |        
RUN-1001 :         infer_gsr         |    off     |       off        |        
RUN-1001 :         infer_rom         |     on     |        on        |        
RUN-1001 :       keep_hierarchy      |    auto    |       auto       |        
RUN-1001 :        merge_equal        |     on     |        on        |        
RUN-1001 :      min_control_set      |     8      |        8         |        
RUN-1001 :       min_ripple_len      |    auto    |       auto       |        
RUN-1001 :          seq_syn          |     on     |        on        |        
RUN-1001 : -------------------------------------------------------------------
RUN-1002 : start command "insert_debugger"
RUN-1002 : start command "optimize_rtl"
RUN-1001 : Open license file D:/Anlogic/license/Anlogic.lic
SYN-1001 : Stage 1 | Optimize RTL
SYN-1001 : Stage 1.1 | Check Design Sanity
SYN-5065 WARNING: Register "change_pic" in ../../Mujika_top_control/Mujica_top.v(97) is described with both an asynchronous reset and an asynchronous set. It may have an uncertainty of the timing. Please conside rewriting code.
SYN-5065 WARNING: Register "input_state" in ../../Mujika_top_control/Mujica_top.v(55) is described with both an asynchronous reset and an asynchronous set. It may have an uncertainty of the timing. Please conside rewriting code.
SYN-5065 WARNING: Register "return_idle" in ../../Mujika_top_control/Mujica_top.v(79) is described with both an asynchronous reset and an asynchronous set. It may have an uncertainty of the timing. Please conside rewriting code.
SYN-1001 : End Stage 1.1 | Check Design Sanity; Time: 0.008920s wall, 0.000000s user + 0.000000s system = 0.000000s CPU (n/a%); Memory(MB): used = 246, reserved = 354, peak = 246;

SYN-1079 : finish stage Check Design Sanity. Total instances: 23048, Total nets: 64832.

SYN-1001 : Stage 1.2 | Initialize Design
SYN-1001 : End Stage 1.2 | Initialize Design; Time: 1.041991s wall, 0.953125s user + 0.031250s system = 0.984375s CPU (94.5%); Memory(MB): used = 246, reserved = 354, peak = 246;

SYN-1079 : finish stage Initialize Design. Total instances: 6037, Total nets: 40529.

SYN-1001 : Stage 1.3 | Flatten Module
SYN-1011 : Flatten model Mujica_top
SYN-1050 : Instances selected by 'keep_hierarchy':
RUN-1001 : --------------------------------------------------------------------------------------------------
RUN-1001 :           instance           |  keep_hierarchy  |    down_module    |         file(line)          
RUN-1001 : --------------------------------------------------------------------------------------------------
RUN-1001 :  bmp_wrapper_inst/your_t...  |       true       |  rfifo_32_32_512  | ../../src/frame_read_wr...  
RUN-1001 :  bmp_wrapper_inst/your_t...  |       true       |  wfifo_32_32_512  | ../../src/frame_read_wr...  
RUN-1001 : --------------------------------------------------------------------------------------------------
SYN-1001 : End Stage 1.3 | Flatten Module; Time: 0.176985s wall, 0.187500s user + 0.000000s system = 0.187500s CPU (105.9%); Memory(MB): used = 246, reserved = 354, peak = 246;

SYN-1079 : finish stage Flatten Module. Total instances: 6609, Total nets: 32333.

SYN-1001 : Stage 1.4 | Uniform Instance
SYN-5013 WARNING: Undriven net: model "Mujica_top" / net "bmp_wrapper_inst/receive_status[3]" in ../../src/bmp_transfer_wrapper.v(26)
		the net's pin: pin "i0[3]" in ../../src/bmp_transfer_wrapper.v(205)
		the net's pin: pin "i0[3]" in ../../src/bmp_transfer_wrapper.v(206)
		the net's pin: pin "i0[3]" in ../../src/bmp_transfer_wrapper.v(205)
SYN-5013 WARNING: Undriven net: model "Mujica_top" / net "bmp_wrapper_inst/receive_status[2]" in ../../src/bmp_transfer_wrapper.v(26)
		the net's pin: pin "i0[2]" in ../../src/bmp_transfer_wrapper.v(205)
		the net's pin: pin "i0[2]" in ../../src/bmp_transfer_wrapper.v(206)
		the net's pin: pin "i0[2]" in ../../src/bmp_transfer_wrapper.v(205)
SYN-5013 WARNING: Undriven net: model "Mujica_top" / net "bmp_wrapper_inst/receive_status[1]" in ../../src/bmp_transfer_wrapper.v(26)
		the net's pin: pin "i0[1]" in ../../src/bmp_transfer_wrapper.v(205)
		the net's pin: pin "i0[1]" in ../../src/bmp_transfer_wrapper.v(206)
		the net's pin: pin "i0[1]" in ../../src/bmp_transfer_wrapper.v(205)
SYN-5013 WARNING: Undriven net: model "Mujica_top" / net "bmp_wrapper_inst/receive_status[0]" in ../../src/bmp_transfer_wrapper.v(26)
		the net's pin: pin "i0[0]" in ../../src/bmp_transfer_wrapper.v(205)
		the net's pin: pin "i0[0]" in ../../src/bmp_transfer_wrapper.v(206)
		the net's pin: pin "i0[0]" in ../../src/bmp_transfer_wrapper.v(205)
SYN-5013 WARNING: Undriven net: model "Mujica_top" / net "bmp_wrapper_inst/top_state_code[3]" in ../../src/bmp_transfer_wrapper.v(81)
		the net's pin: pin "i0[3]" in ../../src/bmp_transfer_wrapper.v(200)
SYN-5013 WARNING: Undriven net: model "Mujica_top" / net "bmp_wrapper_inst/top_state_code[2]" in ../../src/bmp_transfer_wrapper.v(81)
		the net's pin: pin "i0[2]" in ../../src/bmp_transfer_wrapper.v(200)
SYN-5013 WARNING: Undriven net: model "Mujica_top" / net "bmp_wrapper_inst/top_state_code[1]" in ../../src/bmp_transfer_wrapper.v(81)
		the net's pin: pin "i0[1]" in ../../src/bmp_transfer_wrapper.v(200)
SYN-5013 WARNING: Undriven net: model "Mujica_top" / net "bmp_wrapper_inst/top_state_code[0]" in ../../src/bmp_transfer_wrapper.v(81)
		the net's pin: pin "i0[0]" in ../../src/bmp_transfer_wrapper.v(200)
SYN-5013 WARNING: Undriven net: model "Mujica_top" / net "bmp_wrapper_inst/app1_tx_data_request" in ../../src/bmp_transfer_wrapper.v(54)
		the net's pin: pin "i0" in ../../src/bmp_transfer_wrapper.v(87)
		the net's pin: pin "I[0]" in ../../src/bmp_udp_sender.v(289)
SYN-5013 WARNING: Undriven net: model "Mujica_top" / net "bmp_wrapper_inst/cmd_valid" in ../../src/bmp_transfer_wrapper.v(9)
		the net's pin: pin "sel" in ../../src/bmp_transfer_wrapper.v(87)
		the net's pin: pin "sel" in ../../src/bmp_transfer_wrapper.v(88)
		the net's pin: pin "sel" in ../../src/bmp_transfer_wrapper.v(89)
		the net's pin: pin "sel" in ../../src/bmp_transfer_wrapper.v(90)
		the net's pin: pin "I[0]" in ../../Mujika_top_control/state_sender.v(84)
SYN-5013 Similar messages will be suppressed.
SYN-5025 WARNING: Using 0 for all undriven pins and nets
SYN-1001 : End Stage 1.4 | Uniform Instance; Time: 0.037778s wall, 0.031250s user + 0.000000s system = 0.031250s CPU (82.7%); Memory(MB): used = 222, reserved = 220, peak = 247;

SYN-1079 : finish stage Uniform Instance. Total instances: 6459, Total nets: 32063.

SYN-1001 : Stage 1.5 | Optimize Design
SYN-1066 : Inferred FSM for state register 'bmp_wrapper_inst/eth_control_inst/trans_TEMAC/trimac_core/mac_core_aead6cd6dadd_Inst/TEMAC_CORE_INST/al102_vfhtA8Nz/al102_6KjBLuws/al102_FvxPC15R$al102_NkBI8S2N/al102_sGgJ2iOw_reg' in module 'Mujica_top'
--------------------------------------------
     Previous Encoding     New Encoding
--------------------------------------------
                    00              001
                    01              010
                    10              100
--------------------------------------------
SYN-1067 : encoded FSM with state register 'bmp_wrapper_inst/eth_control_inst/trans_TEMAC/trimac_core/mac_core_aead6cd6dadd_Inst/TEMAC_CORE_INST/al102_vfhtA8Nz/al102_6KjBLuws/al102_FvxPC15R$al102_NkBI8S2N/al102_sGgJ2iOw_reg' using encoding 'one_hot' in model 'Mujica_top'
SYN-1066 : Inferred FSM for state register 'bmp_wrapper_inst/eth_control_inst/trans_TEMAC/trimac_core/mac_core_aead6cd6dadd_Inst/TEMAC_CORE_INST/al102_vfhtA8Nz/al102_6KjBLuws/al102_FvxPC15R$al102_ORYeWAza/al102_sGgJ2iOw_reg' in module 'Mujica_top'
--------------------------------------------
     Previous Encoding     New Encoding
--------------------------------------------
                   000                1
--------------------------------------------
SYN-1067 : encoded FSM with state register 'bmp_wrapper_inst/eth_control_inst/trans_TEMAC/trimac_core/mac_core_aead6cd6dadd_Inst/TEMAC_CORE_INST/al102_vfhtA8Nz/al102_6KjBLuws/al102_FvxPC15R$al102_ORYeWAza/al102_sGgJ2iOw_reg' using encoding 'one_hot' in model 'Mujica_top'
SYN-1066 : Inferred FSM for state register 'bmp_wrapper_inst/eth_control_inst/trans_rx_fifo/rd_state_reg' in module 'Mujica_top'
--------------------------------------------
     Previous Encoding     New Encoding
--------------------------------------------
                   000         00000001
                   001         00000010
                   010         00000100
                   011         00001000
                   100         00010000
                   110         00100000
                   111         01000000
                   101         10000000
--------------------------------------------
SYN-1067 : encoded FSM with state register 'bmp_wrapper_inst/eth_control_inst/trans_rx_fifo/rd_state_reg' using encoding 'one_hot' in model 'Mujica_top'
SYN-1066 : Inferred FSM for state register 'bmp_wrapper_inst/eth_control_inst/trans_rx_fifo/wr_state_reg' in module 'Mujica_top'
--------------------------------------------
     Previous Encoding     New Encoding
--------------------------------------------
                   000           000001
                   001           000010
                   101           000100
                   010           001000
                   100           010000
                   011           100000
--------------------------------------------
SYN-1067 : encoded FSM with state register 'bmp_wrapper_inst/eth_control_inst/trans_rx_fifo/wr_state_reg' using encoding 'one_hot' in model 'Mujica_top'
SYN-1066 : Inferred FSM for state register 'bmp_wrapper_inst/eth_control_inst/trans_tx_fifo/rd_state_reg' in module 'Mujica_top'
--------------------------------------------
     Previous Encoding     New Encoding
--------------------------------------------
                  0000          0000001
                  0001          0000010
                  0010          0000100
                  0011          0001000
                  0100          0010000
                  0101          0100000
                  0110          1000000
--------------------------------------------
SYN-1067 : encoded FSM with state register 'bmp_wrapper_inst/eth_control_inst/trans_tx_fifo/rd_state_reg' using encoding 'one_hot' in model 'Mujica_top'
SYN-1066 : Inferred FSM for state register 'bmp_wrapper_inst/eth_control_inst/trans_tx_fifo/wr_state_reg' in module 'Mujica_top'
--------------------------------------------
     Previous Encoding     New Encoding
--------------------------------------------
                    00             0001
                    01             0010
                    11             0100
                    10             1000
--------------------------------------------
SYN-1067 : encoded FSM with state register 'bmp_wrapper_inst/eth_control_inst/trans_tx_fifo/wr_state_reg' using encoding 'one_hot' in model 'Mujica_top'
SYN-1066 : Inferred FSM for state register 'bmp_wrapper_inst/eth_control_inst/trans_udp_ip_stack/arp_layer/arp_receive_module/STATE_reg' in module 'Mujica_top'
--------------------------------------------
     Previous Encoding     New Encoding
--------------------------------------------
                    00               01
                    01               10
--------------------------------------------
SYN-1067 : encoded FSM with state register 'bmp_wrapper_inst/eth_control_inst/trans_udp_ip_stack/arp_layer/arp_receive_module/STATE_reg' using encoding 'one_hot' in model 'Mujica_top'
SYN-1066 : Inferred FSM for state register 'bmp_wrapper_inst/eth_control_inst/trans_udp_ip_stack/arp_layer/arp_receive_module/arp_rx_cnt_reg' in module 'Mujica_top'
------------------------------------------------------------
     Previous Encoding                     New Encoding
------------------------------------------------------------
                 00000     0000000000000000000000000001
                 00001     0000000000000000000000000010
                 00010     0000000000000000000000000100
                 00011     0000000000000000000000001000
                 00100     0000000000000000000000010000
                 00101     0000000000000000000000100000
                 00110     0000000000000000000001000000
                 00111     0000000000000000000010000000
                 01000     0000000000000000000100000000
                 01001     0000000000000000001000000000
                 01010     0000000000000000010000000000
                 01011     0000000000000000100000000000
                 01100     0000000000000001000000000000
                 01101     0000000000000010000000000000
                 01110     0000000000000100000000000000
                 01111     0000000000001000000000000000
                 10000     0000000000010000000000000000
                 10001     0000000000100000000000000000
                 10010     0000000001000000000000000000
                 10011     0000000010000000000000000000
                 10100     0000000100000000000000000000
                 10101     0000001000000000000000000000
                 10110     0000010000000000000000000000
                 10111     0000100000000000000000000000
                 11000     0001000000000000000000000000
                 11001     0010000000000000000000000000
                 11010     0100000000000000000000000000
                 11011     1000000000000000000000000000
------------------------------------------------------------
SYN-1067 : encoded FSM with state register 'bmp_wrapper_inst/eth_control_inst/trans_udp_ip_stack/arp_layer/arp_receive_module/arp_rx_cnt_reg' using encoding 'one_hot' in model 'Mujica_top'
SYN-1066 : Inferred FSM for state register 'bmp_wrapper_inst/eth_control_inst/trans_udp_ip_stack/ip_layer/ip_receive_module/STATE_reg' in module 'Mujica_top'
--------------------------------------------
     Previous Encoding     New Encoding
--------------------------------------------
                    00             0001
                    01             0010
                    10             0100
                    11             1000
--------------------------------------------
SYN-1067 : encoded FSM with state register 'bmp_wrapper_inst/eth_control_inst/trans_udp_ip_stack/ip_layer/ip_receive_module/STATE_reg' using encoding 'one_hot' in model 'Mujica_top'
SYN-1066 : Inferred FSM for state register 'bmp_wrapper_inst/eth_control_inst/trans_udp_ip_stack/ip_layer/ip_receive_module/cnt_reg' in module 'Mujica_top'
---------------------------------------------------
     Previous Encoding            New Encoding
---------------------------------------------------
                 00000     0000000000000000001
                 00001     0000000000000000010
                 00010     0000000000000000100
                 00011     0000000000000001000
                 00100     0000000000000010000
                 00101     0000000000000100000
                 00110     0000000000001000000
                 00111     0000000000010000000
                 01000     0000000000100000000
                 01001     0000000001000000000
                 01010     0000000010000000000
                 01011     0000000100000000000
                 01100     0000001000000000000
                 01101     0000010000000000000
                 01110     0000100000000000000
                 01111     0001000000000000000
                 10000     0010000000000000000
                 10001     0100000000000000000
                 10010     1000000000000000000
---------------------------------------------------
SYN-1067 : encoded FSM with state register 'bmp_wrapper_inst/eth_control_inst/trans_udp_ip_stack/ip_layer/ip_receive_module/cnt_reg' using encoding 'one_hot' in model 'Mujica_top'
SYN-1066 : Inferred FSM for state register 'bmp_wrapper_inst/eth_control_inst/trans_udp_ip_stack/ip_layer/ip_receive_module/icmp_packet_process_module/checksum_state_reg' in module 'Mujica_top'
--------------------------------------------
     Previous Encoding     New Encoding
--------------------------------------------
                    00             0001
                    01             0010
                    10             0100
                    11             1000
--------------------------------------------
SYN-1067 : encoded FSM with state register 'bmp_wrapper_inst/eth_control_inst/trans_udp_ip_stack/ip_layer/ip_receive_module/icmp_packet_process_module/checksum_state_reg' using encoding 'one_hot' in model 'Mujica_top'
SYN-1066 : Inferred FSM for state register 'bmp_wrapper_inst/eth_control_inst/trans_udp_ip_stack/ip_layer/ip_receive_module/icmp_packet_process_module/cnt_reg' in module 'Mujica_top'
--------------------------------------------
     Previous Encoding     New Encoding
--------------------------------------------
                  0000        000000001
                  0001        000000010
                  0010        000000100
                  0011        000001000
                  0100        000010000
                  0101        000100000
                  0110        001000000
                  0111        010000000
                  1000        100000000
--------------------------------------------
SYN-1067 : encoded FSM with state register 'bmp_wrapper_inst/eth_control_inst/trans_udp_ip_stack/ip_layer/ip_receive_module/icmp_packet_process_module/cnt_reg' using encoding 'one_hot' in model 'Mujica_top'
SYN-1066 : Inferred FSM for state register 'bmp_wrapper_inst/eth_control_inst/trans_udp_ip_stack/ip_layer/ip_receive_module/ip_header_checksum_check_module/state_reg' in module 'Mujica_top'
--------------------------------------------
     Previous Encoding     New Encoding
--------------------------------------------
                    00             0001
                    01             0010
                    10             0100
                    11             1000
--------------------------------------------
SYN-1067 : encoded FSM with state register 'bmp_wrapper_inst/eth_control_inst/trans_udp_ip_stack/ip_layer/ip_receive_module/ip_header_checksum_check_module/state_reg' using encoding 'one_hot' in model 'Mujica_top'
SYN-1066 : Inferred FSM for state register 'bmp_wrapper_inst/eth_control_inst/trans_udp_ip_stack/ip_layer/ip_send_module/STATE_reg' in module 'Mujica_top'
--------------------------------------------
     Previous Encoding     New Encoding
--------------------------------------------
                   000            00001
                   001            00010
                   010            00100
                   100            01000
                   011            10000
--------------------------------------------
SYN-1067 : encoded FSM with state register 'bmp_wrapper_inst/eth_control_inst/trans_udp_ip_stack/ip_layer/ip_send_module/STATE_reg' using encoding 'one_hot' in model 'Mujica_top'
SYN-1066 : Inferred FSM for state register 'bmp_wrapper_inst/eth_control_inst/trans_udp_ip_stack/ip_layer/ip_send_module/cnt_reg' in module 'Mujica_top'
----------------------------------------------------
     Previous Encoding             New Encoding
----------------------------------------------------
                 00000     00000000000000000001
                 00001     00000000000000000010
                 00010     00000000000000000100
                 00011     00000000000000001000
                 00100     00000000000000010000
                 00101     00000000000000100000
                 00110     00000000000001000000
                 00111     00000000000010000000
                 01000     00000000000100000000
                 01001     00000000001000000000
                 01010     00000000010000000000
                 01011     00000000100000000000
                 01100     00000001000000000000
                 01101     00000010000000000000
                 01110     00000100000000000000
                 01111     00001000000000000000
                 10000     00010000000000000000
                 10001     00100000000000000000
                 10010     01000000000000000000
                 10011     10000000000000000000
----------------------------------------------------
SYN-1067 : encoded FSM with state register 'bmp_wrapper_inst/eth_control_inst/trans_udp_ip_stack/ip_layer/ip_send_module/cnt_reg' using encoding 'one_hot' in model 'Mujica_top'
SYN-1066 : Inferred FSM for state register 'bmp_wrapper_inst/eth_control_inst/trans_udp_ip_stack/ip_layer/ip_send_module/icmp_packet_send_module/STATE_reg' in module 'Mujica_top'
--------------------------------------------
     Previous Encoding     New Encoding
--------------------------------------------
                    00              001
                    01              010
                    10              100
--------------------------------------------
SYN-1067 : encoded FSM with state register 'bmp_wrapper_inst/eth_control_inst/trans_udp_ip_stack/ip_layer/ip_send_module/icmp_packet_send_module/STATE_reg' using encoding 'one_hot' in model 'Mujica_top'
SYN-1066 : Inferred FSM for state register 'bmp_wrapper_inst/eth_control_inst/trans_udp_ip_stack/ip_layer/ip_send_module/icmp_packet_send_module/cnt1_reg' in module 'Mujica_top'
--------------------------------------------
     Previous Encoding     New Encoding
--------------------------------------------
                  0000        000000001
                  0001        000000010
                  0010        000000100
                  0011        000001000
                  0100        000010000
                  0101        000100000
                  0110        001000000
                  0111        010000000
                  1000        100000000
--------------------------------------------
SYN-1067 : encoded FSM with state register 'bmp_wrapper_inst/eth_control_inst/trans_udp_ip_stack/ip_layer/ip_send_module/icmp_packet_send_module/cnt1_reg' using encoding 'one_hot' in model 'Mujica_top'
SYN-1066 : Inferred FSM for state register 'bmp_wrapper_inst/eth_control_inst/trans_udp_ip_stack/send_buffer/STATE_reg' in module 'Mujica_top'
--------------------------------------------
     Previous Encoding     New Encoding
--------------------------------------------
                   000          0000001
                   011          0000010
                   100          0000100
                   010          0001000
                   001          0010000
                   101          0100000
                   110          1000000
--------------------------------------------
SYN-1067 : encoded FSM with state register 'bmp_wrapper_inst/eth_control_inst/trans_udp_ip_stack/send_buffer/STATE_reg' using encoding 'one_hot' in model 'Mujica_top'
SYN-1066 : Inferred FSM for state register 'bmp_wrapper_inst/eth_control_inst/trans_udp_ip_stack/temac_data_process/RX_STATE_reg' in module 'Mujica_top'
--------------------------------------------
     Previous Encoding     New Encoding
--------------------------------------------
                    00              001
                    01              010
                    10              100
--------------------------------------------
SYN-1067 : encoded FSM with state register 'bmp_wrapper_inst/eth_control_inst/trans_udp_ip_stack/temac_data_process/RX_STATE_reg' using encoding 'one_hot' in model 'Mujica_top'
SYN-1066 : Inferred FSM for state register 'bmp_wrapper_inst/eth_control_inst/trans_udp_ip_stack/temac_data_process/TX_STATE_reg' in module 'Mujica_top'
--------------------------------------------
     Previous Encoding     New Encoding
--------------------------------------------
                    00              001
                    01              010
                    10              100
--------------------------------------------
SYN-1067 : encoded FSM with state register 'bmp_wrapper_inst/eth_control_inst/trans_udp_ip_stack/temac_data_process/TX_STATE_reg' using encoding 'one_hot' in model 'Mujica_top'
SYN-1066 : Inferred FSM for state register 'bmp_wrapper_inst/eth_control_inst/trans_udp_ip_stack/temac_data_process/temac_rx_cnt_reg' in module 'Mujica_top'
----------------------------------------------
     Previous Encoding       New Encoding
----------------------------------------------
                  0000     00000000000001
                  0001     00000000000010
                  0010     00000000000100
                  0011     00000000001000
                  0100     00000000010000
                  0101     00000000100000
                  0110     00000001000000
                  0111     00000010000000
                  1000     00000100000000
                  1001     00001000000000
                  1010     00010000000000
                  1011     00100000000000
                  1100     01000000000000
                  1101     10000000000000
----------------------------------------------
SYN-1067 : encoded FSM with state register 'bmp_wrapper_inst/eth_control_inst/trans_udp_ip_stack/temac_data_process/temac_rx_cnt_reg' using encoding 'one_hot' in model 'Mujica_top'
SYN-1066 : Inferred FSM for state register 'bmp_wrapper_inst/eth_control_inst/trans_udp_ip_stack/temac_data_process/temac_tx_cnt_reg' in module 'Mujica_top'
-----------------------------------------------
     Previous Encoding        New Encoding
-----------------------------------------------
                  0000     000000000000001
                  0001     000000000000010
                  0010     000000000000100
                  0011     000000000001000
                  0100     000000000010000
                  0101     000000000100000
                  0110     000000001000000
                  0111     000000010000000
                  1000     000000100000000
                  1001     000001000000000
                  1010     000010000000000
                  1011     000100000000000
                  1100     001000000000000
                  1101     010000000000000
                  1110     100000000000000
-----------------------------------------------
SYN-1067 : encoded FSM with state register 'bmp_wrapper_inst/eth_control_inst/trans_udp_ip_stack/temac_data_process/temac_tx_cnt_reg' using encoding 'one_hot' in model 'Mujica_top'
SYN-1066 : Inferred FSM for state register 'bmp_wrapper_inst/eth_control_inst/trans_udp_ip_stack/udp_layer/udp_receive_module/cnt_reg' in module 'Mujica_top'
--------------------------------------------
     Previous Encoding     New Encoding
--------------------------------------------
                  0000      00000000001
                  0001      00000000010
                  0010      00000000100
                  0011      00000001000
                  0100      00000010000
                  0101      00000100000
                  0110      00001000000
                  0111      00010000000
                  1000      00100000000
                  1001      01000000000
                  1010      10000000000
--------------------------------------------
SYN-1067 : encoded FSM with state register 'bmp_wrapper_inst/eth_control_inst/trans_udp_ip_stack/udp_layer/udp_receive_module/cnt_reg' using encoding 'one_hot' in model 'Mujica_top'
SYN-1066 : Inferred FSM for state register 'bmp_wrapper_inst/eth_control_inst/trans_udp_ip_stack/udp_layer/udp_send_module/STATE_reg' in module 'Mujica_top'
--------------------------------------------
     Previous Encoding     New Encoding
--------------------------------------------
                    00             0001
                    01             0010
                    10             0100
                    11             1000
--------------------------------------------
SYN-1067 : encoded FSM with state register 'bmp_wrapper_inst/eth_control_inst/trans_udp_ip_stack/udp_layer/udp_send_module/STATE_reg' using encoding 'one_hot' in model 'Mujica_top'
SYN-1066 : Inferred FSM for state register 'bmp_wrapper_inst/eth_control_inst/trans_udp_ip_stack/udp_layer/udp_send_module/cnt_reg' in module 'Mujica_top'
--------------------------------------------
     Previous Encoding     New Encoding
--------------------------------------------
                  0000         00000001
                  0001         00000010
                  0010         00000100
                  0011         00001000
                  0100         00010000
                  0101         00100000
                  0110         01000000
                  0111         10000000
--------------------------------------------
SYN-1067 : encoded FSM with state register 'bmp_wrapper_inst/eth_control_inst/trans_udp_ip_stack/udp_layer/udp_send_module/cnt_reg' using encoding 'one_hot' in model 'Mujica_top'
SYN-1066 : Inferred FSM for state register 'bmp_wrapper_inst/sender_cmd/state_reg' in module 'Mujica_top'
--------------------------------------------
     Previous Encoding     New Encoding
--------------------------------------------
                   000            00001
                   001            00010
                   010            00100
                   011            01000
                   100            10000
--------------------------------------------
SYN-1067 : encoded FSM with state register 'bmp_wrapper_inst/sender_cmd/state_reg' using encoding 'one_hot' in model 'Mujica_top'
SYN-1066 : Inferred FSM for state register 'bmp_wrapper_inst/your_top_inst/U3/u2_ram/u2_wrrd/state_reg' in module 'Mujica_top'
--------------------------------------------
     Previous Encoding     New Encoding
--------------------------------------------
                  0000              001
                  0001              010
                  0010              100
--------------------------------------------
SYN-1067 : encoded FSM with state register 'bmp_wrapper_inst/your_top_inst/U3/u2_ram/u2_wrrd/state_reg' using encoding 'one_hot' in model 'Mujica_top'
SYN-1066 : Inferred FSM for state register 'bmp_wrapper_inst/your_top_inst/frame_read_write_m0/frame_fifo_read_m0/state_reg' in module 'Mujica_top'
--------------------------------------------
     Previous Encoding     New Encoding
--------------------------------------------
                  0000           000001
                  0001           000010
                  0010           000100
                  0011           001000
                  0100           010000
                  0101           100000
--------------------------------------------
SYN-1067 : encoded FSM with state register 'bmp_wrapper_inst/your_top_inst/frame_read_write_m0/frame_fifo_read_m0/state_reg' using encoding 'one_hot' in model 'Mujica_top'
SYN-1066 : Inferred FSM for state register 'bmp_wrapper_inst/your_top_inst/frame_read_write_m0/frame_fifo_write_m0/state_reg' in module 'Mujica_top'
--------------------------------------------
     Previous Encoding     New Encoding
--------------------------------------------
                  0000           000001
                  0001           000010
                  0010           000100
                  0011           001000
                  0100           010000
                  0101           100000
--------------------------------------------
SYN-1067 : encoded FSM with state register 'bmp_wrapper_inst/your_top_inst/frame_read_write_m0/frame_fifo_write_m0/state_reg' using encoding 'one_hot' in model 'Mujica_top'
SYN-1066 : Inferred FSM for state register 'bmp_wrapper_inst/your_top_inst/sd_card_bmp_m0/bmp_udp_receiver_m0/state_reg' in module 'Mujica_top'
--------------------------------------------
     Previous Encoding     New Encoding
--------------------------------------------
                  0000            00001
                  0001            00010
                  0010            00100
                  0011            01000
                  0100            10000
--------------------------------------------
SYN-1067 : encoded FSM with state register 'bmp_wrapper_inst/your_top_inst/sd_card_bmp_m0/bmp_udp_receiver_m0/state_reg' using encoding 'one_hot' in model 'Mujica_top'
SYN-1066 : Inferred FSM for state register 'bmp_wrapper_inst/your_top_inst/sd_card_bmp_m0/bmp_udp_sender_m0/state_reg' in module 'Mujica_top'
--------------------------------------------
     Previous Encoding     New Encoding
--------------------------------------------
                  0000            00001
                  0001            00010
                  0010            00100
                  0011            01000
                  0100            10000
--------------------------------------------
SYN-1067 : encoded FSM with state register 'bmp_wrapper_inst/your_top_inst/sd_card_bmp_m0/bmp_udp_sender_m0/state_reg' using encoding 'one_hot' in model 'Mujica_top'
SYN-1066 : Inferred FSM for state register 'bmp_wrapper_inst/your_top_inst/sd_card_bmp_m0/sd_card_top_m0/sd_card_cmd_m0/state_reg' in module 'Mujica_top'
--------------------------------------------------
     Previous Encoding           New Encoding
--------------------------------------------------
                 00000     000000000000000001
                 00010     000000000000000010
                 00001     000000000000000100
                 01001     000000000000001000
                 01010     000000000000010000
                 01011     000000000000100000
                 01100     000000000001000000
                 01101     000000000010000000
                 01110     000000000100000000
                 01111     000000001000000000
                 00110     000000010000000000
                 00011     000000100000000000
                 00111     000001000000000000
                 00100     000010000000000000
                 01000     000100000000000000
                 10001     001000000000000000
                 00101     010000000000000000
                 10000     100000000000000000
--------------------------------------------------
SYN-1067 : encoded FSM with state register 'bmp_wrapper_inst/your_top_inst/sd_card_bmp_m0/sd_card_top_m0/sd_card_cmd_m0/state_reg' using encoding 'one_hot' in model 'Mujica_top'
SYN-1066 : Inferred FSM for state register 'bmp_wrapper_inst/your_top_inst/sd_card_bmp_m0/sd_card_top_m0/sd_card_sec_read_write_m0/state_reg' in module 'Mujica_top'
---------------------------------------------
     Previous Encoding      New Encoding
---------------------------------------------
                 00000     0000000000001
                 00001     0000000000010
                 00010     0000000000100
                 00011     0000000001000
                 00100     0000000010000
                 10010     0000000100000
                 10001     0000001000000
                 00111     0000010000000
                 01000     0000100000000
                 01111     0001000000000
                 00101     0010000000000
                 00110     0100000000000
                 10000     1000000000000
---------------------------------------------
SYN-1067 : encoded FSM with state register 'bmp_wrapper_inst/your_top_inst/sd_card_bmp_m0/sd_card_top_m0/sd_card_sec_read_write_m0/state_reg' using encoding 'one_hot' in model 'Mujica_top'
SYN-1066 : Inferred FSM for state register 'bmp_wrapper_inst/your_top_inst/sd_card_bmp_m0/sd_card_top_m0/spi_master_m0/state_reg' in module 'Mujica_top'
--------------------------------------------
     Previous Encoding     New Encoding
--------------------------------------------
                   000           000001
                   010           000010
                   001           000100
                   100           001000
                   011           010000
                   101           100000
--------------------------------------------
SYN-1067 : encoded FSM with state register 'bmp_wrapper_inst/your_top_inst/sd_card_bmp_m0/sd_card_top_m0/spi_master_m0/state_reg' using encoding 'one_hot' in model 'Mujica_top'
SYN-1057 : Inferred 34 FSM(s)
SYN-1001 : Optimize 3 less-than instances
SYN-1032 : 27072/2678 useful/useless nets, 5431/202 useful/useless insts
SYN-1021 : Optimized 5 onehot mux instances.
SYN-1068 : Optimized 6 binary mux instances.
SYN-1019 : Optimized 1 mux instances.
SYN-1021 : Optimized 3 onehot mux instances.
SYN-1016 : Merged 300 instances.
SYN-1025 : Merged 2 RAM ports.
SYN-1026 : Infer Logic BRAM(bmp_wrapper_inst/your_top_inst/frame_read_write_m0/write_buf/ram_inst/ramread0_syn_4)
	 port mode: single dual port
	 port a size: 512 x 32	 write mode: NORMAL
	 port b size: 512 x 32	 write mode: READBEFOREWRITE
SYN-1025 : Merged 2 RAM ports.
SYN-1025 : Merged 1 RAM ports.
SYN-1027 : Infer Logic DRAM(bmp_wrapper_inst/your_top_inst/sd_card_bmp_m0/bmp_udp_sender_m0/ramread0_syn_4) read 2048x8, write 2048x8
SYN-1023 : Infer 1 Logic DRAMs, 1 Logic BRAMs.
USR-6001 WARNING: No ports matched 'get_ports clk_50'
RUN-1101 : create_clock: defined a virtual clock: clk_in.
USR-1002 : Derived clock:  create_generated_clock -name {bmp_wrapper_inst/eth_control_inst/clk_rx_pll/pll_inst.clkc[0]} -source [get_ports {phy1_rgmii_rx_clk}] -master_clock {phy1_rgmii_rx_clk} -multiply_by 1.0000 -duty_cycle 50.0000 [get_pins {bmp_wrapper_inst/eth_control_inst/clk_rx_pll/pll_inst.clkc[0]}]
USR-1002 : Derived clock:  create_generated_clock -name {bmp_wrapper_inst/eth_control_inst/clk_rx_pll/pll_inst.clkc[1]} -source [get_ports {phy1_rgmii_rx_clk}] -master_clock {phy1_rgmii_rx_clk} -multiply_by 1.0000 -duty_cycle 50.0000 [get_pins {bmp_wrapper_inst/eth_control_inst/clk_rx_pll/pll_inst.clkc[1]}]
USR-1002 : Derived clock:  create_generated_clock -name {bmp_wrapper_inst/eth_control_inst/clk_rx_pll/pll_inst.clkc[2]} -source [get_ports {phy1_rgmii_rx_clk}] -master_clock {phy1_rgmii_rx_clk} -multiply_by 2.0000 -duty_cycle 50.0000 [get_pins {bmp_wrapper_inst/eth_control_inst/clk_rx_pll/pll_inst.clkc[2]}]
USR-6001 WARNING: No pins matched 'get_pins u_clk_gen/u_pll_0/pll_inst.clkc[1]'
USR-6001 WARNING: No nets matched 'get_nets udp_clk'
USR-8108 CRITICAL-WARNING: create_generated_clock: cannot define a generated clock without targets.
USR-8159 CRITICAL-WARNING: Command create_generated_clock -name {udp_clk_125m} -source [get_pins {u_clk_gen/u_pll_0/pll_inst.clkc[1]}] -master_clock {pll_inst_125M_1} -divide_by 1.000 -phase 0.000 -add [get_nets {udp_clk}] in C:/Users/softf/Desktop/MAIN/Mujica.sdc(10) fails.
USR-6001 WARNING: No ports matched 'get_ports clk'
RUN-1101 : create_clock: defined a virtual clock: clk.
USR-6136 CRITICAL-WARNING: 'derive_pll_clocks' is obsolete. Please use 'derive_clocks' instead, which handles more types of clock deriving resources. 
Launching timing wizard will update this command automatically.
USR-6001 WARNING: No ports matched 'get_ports clk'
USR-6001 WARNING: No pins matched 'get_pins sys_pll_m0/pll_inst.clkc[0]'
USR-8124 CRITICAL-WARNING: Rename_clock: please specify object list.
USR-8159 CRITICAL-WARNING: Command rename_clock -name {sd_card_clk} -source [get_ports {clk}] -master_clock {clk} [get_pins {sys_pll_m0/pll_inst.clkc[0]}] in C:/Users/softf/Desktop/MAIN/top.sdc(23) fails.
USR-6001 WARNING: No ports matched 'get_ports clk'
USR-6001 WARNING: No pins matched 'get_pins sys_pll_m0/pll_inst.clkc[1]'
USR-8124 CRITICAL-WARNING: Rename_clock: please specify object list.
USR-8159 CRITICAL-WARNING: Command rename_clock -name {ext_mem_clk} -source [get_ports {clk}] -master_clock {clk} [get_pins {sys_pll_m0/pll_inst.clkc[1]}] in C:/Users/softf/Desktop/MAIN/top.sdc(24) fails.
USR-6001 WARNING: No ports matched 'get_ports clk'
USR-6001 WARNING: No pins matched 'get_pins video_pll_m0/pll_inst.clkc[0]'
USR-8124 CRITICAL-WARNING: Rename_clock: please specify object list.
USR-8159 CRITICAL-WARNING: Command rename_clock -name {video_clk} -source [get_ports {clk}] -master_clock {clk} [get_pins {video_pll_m0/pll_inst.clkc[0]}] in C:/Users/softf/Desktop/MAIN/top.sdc(25) fails.
USR-1002 : Derived clock:  create_generated_clock -name {bmp_wrapper_inst/eth_control_inst/clk_eth_gen/u_pll_0/pll_inst.clkc[0]} -source [get_pins {bmp_wrapper_inst/eth_control_inst/clk_eth_gen/u_pll_0/pll_inst.refclk}] -master_clock {bmp_wrapper_inst/eth_control_inst/clk_eth_gen/u_pll_0/pll_inst.refclk} -multiply_by 2.5000 -duty_cycle 50.0000 [get_pins {bmp_wrapper_inst/eth_control_inst/clk_eth_gen/u_pll_0/pll_inst.clkc[0]}]
USR-1002 : Derived clock:  create_generated_clock -name {bmp_wrapper_inst/eth_control_inst/clk_eth_gen/u_pll_0/pll_inst.clkc[1]} -source [get_pins {bmp_wrapper_inst/eth_control_inst/clk_eth_gen/u_pll_0/pll_inst.refclk}] -master_clock {bmp_wrapper_inst/eth_control_inst/clk_eth_gen/u_pll_0/pll_inst.refclk} -multiply_by 2.5000 -duty_cycle 50.0000 [get_pins {bmp_wrapper_inst/eth_control_inst/clk_eth_gen/u_pll_0/pll_inst.clkc[1]}]
USR-1002 : Derived clock:  create_generated_clock -name {bmp_wrapper_inst/eth_control_inst/clk_eth_gen/u_pll_0/pll_inst.clkc[4]} -source [get_pins {bmp_wrapper_inst/eth_control_inst/clk_eth_gen/u_pll_0/pll_inst.refclk}] -master_clock {bmp_wrapper_inst/eth_control_inst/clk_eth_gen/u_pll_0/pll_inst.refclk} -multiply_by 2.5000 -phase 90 -duty_cycle 50.0000 [get_pins {bmp_wrapper_inst/eth_control_inst/clk_eth_gen/u_pll_0/pll_inst.clkc[4]}]
USR-1002 : Derived clock:  create_generated_clock -name {bmp_wrapper_inst/your_top_inst/sys_pll_m0/pll_inst.clkc[0]} -source [get_pins {bmp_wrapper_inst/your_top_inst/sys_pll_m0/pll_inst.refclk}] -master_clock {bmp_wrapper_inst/your_top_inst/sys_pll_m0/pll_inst.refclk} -multiply_by 2.0000 -duty_cycle 50.0000 [get_pins {bmp_wrapper_inst/your_top_inst/sys_pll_m0/pll_inst.clkc[0]}]
USR-1002 : Derived clock:  create_generated_clock -name {bmp_wrapper_inst/your_top_inst/sys_pll_m0/pll_inst.clkc[1]} -source [get_pins {bmp_wrapper_inst/your_top_inst/sys_pll_m0/pll_inst.refclk}] -master_clock {bmp_wrapper_inst/your_top_inst/sys_pll_m0/pll_inst.refclk} -multiply_by 2.5000 -duty_cycle 50.0000 [get_pins {bmp_wrapper_inst/your_top_inst/sys_pll_m0/pll_inst.clkc[1]}]
USR-1002 : Derived clock:  create_generated_clock -name {bmp_wrapper_inst/your_top_inst/sys_pll_m0/pll_inst.clkc[2]} -source [get_pins {bmp_wrapper_inst/your_top_inst/sys_pll_m0/pll_inst.refclk}] -master_clock {bmp_wrapper_inst/your_top_inst/sys_pll_m0/pll_inst.refclk} -multiply_by 2.5000 -phase 180 -duty_cycle 50.0000 [get_pins {bmp_wrapper_inst/your_top_inst/sys_pll_m0/pll_inst.clkc[2]}]
USR-8130 CRITICAL-WARNING: No clock match the pattern: u_clk_gen/u_pll_0/pll_inst.clkc\[0\].
USR-8124 CRITICAL-WARNING: Rename_clock: please specify object list.
USR-8159 CRITICAL-WARNING: Command rename_clock -name {pll_inst_125M_0} [get_clocks {u_clk_gen/u_pll_0/pll_inst.clkc[0]}] in C:/Users/softf/Desktop/MAIN/Mujica.sdc(5) fails.
USR-8130 CRITICAL-WARNING: No clock match the pattern: u_clk_gen/u_pll_0/pll_inst.clkc\[1\].
USR-8124 CRITICAL-WARNING: Rename_clock: please specify object list.
USR-8159 CRITICAL-WARNING: Command rename_clock -name {pll_inst_125M_1} [get_clocks {u_clk_gen/u_pll_0/pll_inst.clkc[1]}] in C:/Users/softf/Desktop/MAIN/Mujica.sdc(6) fails.
USR-8130 CRITICAL-WARNING: No clock match the pattern: u_clk_gen/u_pll_0/pll_inst.clkc\[3\].
USR-8124 CRITICAL-WARNING: Rename_clock: please specify object list.
USR-8159 CRITICAL-WARNING: Command rename_clock -name {pll_inst_25M} [get_clocks {u_clk_gen/u_pll_0/pll_inst.clkc[3]}] in C:/Users/softf/Desktop/MAIN/Mujica.sdc(8) fails.
USR-8130 CRITICAL-WARNING: No clock match the pattern: udp_clk_125m.
USR-8208 CRITICAL-WARNING: Clock group is empty.
USR-8159 CRITICAL-WARNING: Command set_clock_groups -exclusive -group [get_clocks {udp_clk_125m}] in C:/Users/softf/Desktop/MAIN/Mujica.sdc(13) fails.
USR-6136 CRITICAL-WARNING: 'derive_pll_clocks' is obsolete. Please use 'derive_clocks' instead, which handles more types of clock deriving resources. 
Launching timing wizard will update this command automatically.
USR-6133 CRITICAL-WARNING: Clock definition problem: primary clock bmp_wrapper_inst/eth_control_inst/clk_eth_gen/u_pll_0/pll_inst.refclk is defined on internal clock network. Please use create_generated_clock instead.
USR-6133 CRITICAL-WARNING: Clock definition problem: primary clock bmp_wrapper_inst/your_top_inst/sys_pll_m0/pll_inst.refclk is defined on internal clock network. Please use create_generated_clock instead.
SYN-1016 : Merged 921 instances.
SYN-5015 CRITICAL-WARNING: Found latch in "Mujica_top", name: "change_pic_reg", d: "_al_n0", q: "change_pic" in ../../Mujika_top_control/Mujica_top.v(101). The implement may not be timing stable. Please consider giving the variable/register a new value under all condition.
SYN-5015 CRITICAL-WARNING: Found latch in "Mujica_top", name: "return_idle_reg", d: "_al_n0", q: "return_idle" in ../../Mujika_top_control/Mujica_top.v(81). The implement may not be timing stable. Please consider giving the variable/register a new value under all condition.
SYN-5015 CRITICAL-WARNING: Found latch in "Mujica_top", name: "input_state_reg[0]", d: "_al_n0", q: "input_state[0]" in ../../Mujika_top_control/Mujica_top.v(57). The implement may not be timing stable. Please consider giving the variable/register a new value under all condition.
SYN-5015 CRITICAL-WARNING: Found latch in "Mujica_top", name: "input_state_reg[1]", d: "_al_n0", q: "input_state[1]" in ../../Mujika_top_control/Mujica_top.v(57). The implement may not be timing stable. Please consider giving the variable/register a new value under all condition.
SYN-5015 CRITICAL-WARNING: Found latch in "Mujica_top", name: "next_state_reg[0]", d: "mux4_syn_14", q: "next_state[0]" in ../../Mujika_top_control/Mujica_top.v(127). The implement may not be timing stable. Please consider giving the variable/register a new value under all condition.
SYN-5015 CRITICAL-WARNING: Found latch in "Mujica_top", name: "next_state_reg[1]", d: "mux4_syn_22", q: "next_state[1]" in ../../Mujika_top_control/Mujica_top.v(127). The implement may not be timing stable. Please consider giving the variable/register a new value under all condition.
SYN-5015 CRITICAL-WARNING: Found latch in "Mujica_top", name: "next_state_reg[2]", d: "mux4_syn_26", q: "next_state[2]" in ../../Mujika_top_control/Mujica_top.v(127). The implement may not be timing stable. Please consider giving the variable/register a new value under all condition.
SYN-1001 : End Stage 1.5 | Optimize Design; Time: 4.054097s wall, 3.656250s user + 0.156250s system = 3.812500s CPU (94.0%); Memory(MB): used = 352, reserved = 337, peak = 352;

SYN-1079 : finish stage Optimize Design. Total instances: 12736, Total nets: 13964.

SYN-1001 : Stage 1.6 | Optimize Iteratively
SYN-1018 : Transformed 4 mux instances.
SYN-1019 : Optimized 12 mux instances.
SYN-1021 : Optimized 808 onehot mux instances.
SYN-1014 : Optimize round 1
SYN-1044 : Optimized 6 inv instances.
SYN-1017 : Remove 42 const input seq instances
SYN-1018 : Transformed 2 mux instances.
SYN-1019 : Optimized 61 mux instances.
SYN-1020 : Optimized 242 distributor mux.
SYN-1001 : Optimize 9 less-than instances
SYN-1019 : Optimized 204 mux instances.
SYN-2595 : bram inst: bmp_wrapper_inst/eth_control_inst/trans_rx_fifo/ramgen_l/inst is set to PDPW/SP from DP for resource saving
SYN-2595 : bram inst: bmp_wrapper_inst/eth_control_inst/trans_rx_fifo/ramgen_u/inst is set to PDPW/SP from DP for resource saving
SYN-2595 : bram inst: bmp_wrapper_inst/eth_control_inst/trans_tx_fifo/ramgen_l/inst is set to PDPW/SP from DP for resource saving
SYN-2595 : bram inst: bmp_wrapper_inst/eth_control_inst/trans_tx_fifo/ramgen_u/inst is set to PDPW/SP from DP for resource saving
SYN-2595 : bram inst: bmp_wrapper_inst/your_top_inst/frame_read_write_m0/write_buf/ram_inst/ramread0_syn_4 is set to PDPW/SP from DP for resource saving
SYN-1016 : Merged 11076 instances.
SYN-1015 : Optimize round 1, 33934 better
SYN-1014 : Optimize round 2
SYN-1044 : Optimized 12 inv instances.
SYN-1017 : Remove 15 const input seq instances
SYN-1019 : Optimized 302 mux instances.
SYN-1020 : Optimized 6 distributor mux.
SYN-1001 : Optimize 4 less-than instances
SYN-1019 : Optimized 381 mux instances.
SYN-1016 : Merged 255 instances.
SYN-1015 : Optimize round 2, 1181 better
SYN-5025 WARNING: Using 0 for all undriven pins and nets
SYN-3010 : Optimized 551 DFF(s)
SYN-1014 : Optimize round 1
SYN-1017 : Remove 98 const input seq instances
SYN-1019 : Optimized 154 mux instances.
SYN-1020 : Optimized 141 distributor mux.
SYN-1019 : Optimized 8 mux instances.
SYN-1016 : Merged 709 instances.
SYN-1015 : Optimize round 1, 1128 better
SYN-1014 : Optimize round 2
SYN-1017 : Remove 5 const input seq instances
SYN-1019 : Optimized 5 mux instances.
SYN-1020 : Optimized 8 distributor mux.
SYN-1016 : Merged 14 instances.
SYN-1015 : Optimize round 2, 44 better
SYN-1014 : Optimize round 3
SYN-1017 : Remove 2 const input seq instances
SYN-1016 : Merged 1 instances.
SYN-1015 : Optimize round 3, 7 better
SYN-1014 : Optimize round 4
SYN-1015 : Optimize round 4, 0 better
SYN-1001 : End Stage 1.6 | Optimize Iteratively; Time: 8.397110s wall, 7.890625s user + 0.281250s system = 8.171875s CPU (97.3%); Memory(MB): used = 377, reserved = 370, peak = 427;

SYN-1079 : finish stage Optimize Iteratively. Total instances: 15324, Total nets: 16039.

SYN-1001 : Stage 1.7 | Check Design
SYN-1001 : End Stage 1.7 | Check Design; Time: 0.002484s wall, 0.000000s user + 0.000000s system = 0.000000s CPU (n/a%); Memory(MB): used = 377, reserved = 371, peak = 427;

SYN-1079 : finish stage Check Design. Total instances: 15324, Total nets: 16039.

SYN-1001 : End Stage 1 | Optimize RTL; Time: 13.720581s wall, 12.734375s user + 0.468750s system = 13.203125s CPU (96.2%); Memory(MB): used = 377, reserved = 371, peak = 427;

SYN-1079 : finish stage Optimize RTL. Total instances: 15324, Total nets: 16039.

RUN-1003 : finish command "optimize_rtl" in  13.733883s wall, 12.750000s user + 0.468750s system = 13.218750s CPU (96.2%)

RUN-1004 : used memory is 377 MB, reserved memory is 371 MB, peak memory is 427 MB
RUN-1002 : start command "report_area -file pic_sdram_rtl.area"
RUN-1001 : standard
***Report Model: Mujica_top Device: EG4S20BG256***

IO Statistics
#IO                        22
  #input                   13
  #output                   9
  #inout                    0
#virtual IO                 3
  #input                    0
  #output                   0
  #inout                    0

Gate Statistics
#Basic gates            12579
  #and                   3628
  #nand                     0
  #or                    3332
  #nor                      0
  #xor                    501
  #xnor                     0
  #buf                      0
  #not                    485
  #bufif1                  32
  #MX21                   666
  #FADD                     0
  #DFF                   3928
  #LATCH                    7
#MACRO_ADD                 78
#MACRO_EQ                  94
#MACRO_MUX               2107
#MACRO_OTHERS              21

RUN-1002 : start command "export_db pic_sdram_rtl.db"
RUN-1001 : Exported flow parameters
RUN-1001 : Exported /
RUN-1001 : Exported libs
RUN-1001 : Exported entities
RUN-1001 : Exported ports
RUN-1001 : Exported pins
RUN-1001 : Exported instances
RUN-1001 : Exported nets
RUN-1001 : Exported buses
RUN-1001 : Exported models
RUN-1001 : Exported packer
RUN-1001 : Exported congestions
RUN-1001 : Exported violations
RUN-1001 : Exported ATMR Setting
RUN-1001 : Exported timing constraints
RUN-1001 : Exported IO constraints
RUN-1001 : Exported Inst constraints
RUN-1001 : Exported ChipWatcher
RUN-1002 : start command "commit_param -step gate"
RUN-1001 : Print Global Property
RUN-1001 : --------------------------------------------------------
RUN-1001 :   Parameters   |  Settings  |  Default Values  |  Note  
RUN-1001 : --------------------------------------------------------
RUN-1001 :   enable_seed  |    off     |       off        |        
RUN-1001 :     message    |  standard  |     standard     |        
RUN-1001 :   qor_monitor  |     on     |        on        |        
RUN-1001 :   syn_ip_flow  |    off     |       off        |        
RUN-1001 :     thread     |    auto    |       auto       |        
RUN-1001 : --------------------------------------------------------
RUN-1001 : Print Gate Property
RUN-1001 : -----------------------------------------------------------
RUN-1001 :     Parameters    |  Settings  |  Default Values  |  Note  
RUN-1001 : -----------------------------------------------------------
RUN-1001 :     eram_init     |    off     |       off        |        
RUN-1001 :      map_mode     |    auto    |       auto       |        
RUN-1001 :    pack_effort    |   medium   |      medium      |        
RUN-1001 :   pack_seq_in_io  |    auto    |       auto       |        
RUN-1001 :       report      |  standard  |     standard     |        
RUN-1001 : -----------------------------------------------------------
RUN-1002 : start command "optimize_gate -packarea pic_sdram_gate.area"
RUN-1001 : Open license file D:/Anlogic/license/Anlogic.lic
SYN-1001 : Stage 2 | Optimize Gate
SYN-1001 : Stage 2.1 | Map Reg
SYN-5079 CRITICAL-WARNING: Register "change_pic" in ../../Mujika_top_control/Mujica_top.v(97) is described with both an asynchronous reset and an asynchronous set. Implement the asynchronous set logic of current register. It may have an uncertainty of the timing. Please conside rewriting code.
SYN-5079 CRITICAL-WARNING: Register "return_idle" in ../../Mujika_top_control/Mujica_top.v(79) is described with both an asynchronous reset and an asynchronous set. Implement the asynchronous set logic of current register. It may have an uncertainty of the timing. Please conside rewriting code.
SYN-5079 CRITICAL-WARNING: Register "input_state[0]" in ../../Mujika_top_control/Mujica_top.v(55) is described with both an asynchronous reset and an asynchronous set. Implement the asynchronous set logic of current register. It may have an uncertainty of the timing. Please conside rewriting code.
SYN-5079 CRITICAL-WARNING: Register "input_state[1]" in ../../Mujika_top_control/Mujica_top.v(55) is described with both an asynchronous reset and an asynchronous set. Implement the asynchronous set logic of current register. It may have an uncertainty of the timing. Please conside rewriting code.
SYN-1016 : Merged 4 instances.
SYN-1001 : End Stage 2.1 | Map Reg; Time: 0.238227s wall, 0.203125s user + 0.031250s system = 0.234375s CPU (98.4%); Memory(MB): used = 376, reserved = 476, peak = 427;

SYN-1079 : finish stage Map Reg. Total instances: 15344, Total nets: 16059.

SYN-1001 : Stage 2.2 | Map IO
SYN-2002 : EG_PHY_SDRAM_2M_32 instance bmp_wrapper_inst/your_top_inst/U3/sdram.
SYN-2001 : Map 80 IOs to PADs of model 'Mujica_top'
SYN-1001 : End Stage 2.2 | Map IO; Time: 0.154227s wall, 0.125000s user + 0.031250s system = 0.156250s CPU (101.3%); Memory(MB): used = 376, reserved = 476, peak = 427;

SYN-1001 : Stage 2.3 | Map Macro
RUN-1002 : start command "update_pll_param -module Mujica_top"
SYN-6577 WARNING: The clock signal "bmp_wrapper_inst/your_top_inst/U3/u2_ram/SDRAM_CLK" is added with the synthetic instruction (keep/mark_debug/dont_touch/max_fanout), which may create additional logic on this net
SYN-2501 : Processed 0 LOGIC_BUF instances.
SYN-2501 : 4 BUFG to GCLK
SYN-6562 WARNING: The init value of "bmp_wrapper_inst/eth_control_inst/trans_rx_fifo/ramgen_l/inst(../../ethernet_transmission/RAMB16_S9_S9.v(45))" will be ignored since gate eram_init is set to off
SYN-6562 WARNING: The init value of "bmp_wrapper_inst/eth_control_inst/trans_rx_fifo/ramgen_u/inst(../../ethernet_transmission/RAMB16_S9_S9.v(45))" will be ignored since gate eram_init is set to off
SYN-6562 WARNING: The init value of "bmp_wrapper_inst/eth_control_inst/trans_tx_fifo/ramgen_l/inst(../../ethernet_transmission/RAMB16_S9_S9.v(45))" will be ignored since gate eram_init is set to off
SYN-6562 WARNING: The init value of "bmp_wrapper_inst/eth_control_inst/trans_tx_fifo/ramgen_u/inst(../../ethernet_transmission/RAMB16_S9_S9.v(45))" will be ignored since gate eram_init is set to off
SYN-6562 WARNING: The init value of "bmp_wrapper_inst/eth_control_inst/trans_udp_ip_stack/ip_layer/icmp_echo_data_fifo/u_anlogic_soft_async_fifo/inst(../../ethernet_transmission/udp_ip_protocol_stack_merge.enc.v(0))" will be ignored since gate eram_init is set to off
SYN-6562 WARNING: The init value of "bmp_wrapper_inst/your_top_inst/frame_read_write_m0/write_buf/ram_inst/ramread0_syn_4(../../al_ip/afifo_16_32_256.v(822))" will be ignored since gate eram_init is set to off
SYN-2571 : Optimize after map_dsp, round 1
SYN-1016 : Merged 8 instances.
SYN-2571 : Optimize after map_dsp, round 1, 8 better
SYN-2571 : Optimize after map_dsp, round 2
SYN-2571 : Optimize after map_dsp, round 2, 0 better
SYN-1001 : Throwback 235 control mux instances
SYN-1001 : Generate 2 bigger adders
SYN-1001 : Optimize 8 adders
SYN-2501 : Optimize round 1
SYN-1016 : Merged 159 instances.
SYN-2501 : Optimize round 1, 894 better
SYN-2501 : Optimize round 2
SYN-2501 : Optimize round 2, 0 better
SYN-2501 : Optimize round 1
SYN-2501 : Optimize round 1, 0 better
SYN-2501 : Map 75 macro adder(s)
SYN-1019 : Optimized 1507 mux instances.
SYN-1016 : Merged 97 instances.
SYN-5011 WARNING: Undriven pin: model "Mujica_top" / inst "bmp_wrapper_inst/your_top_inst/U3/u2_ram/u2_wrrd/Sdr_rd_dout_reg[0]" in ../../src/sdram/enc_file/sdr_wrrd.enc.v(0) / pin "clk"
SYN-5011 WARNING: Undriven pin: model "Mujica_top" / inst "bmp_wrapper_inst/your_top_inst/U3/u2_ram/u2_wrrd/Sdr_rd_dout_reg[1]" in ../../src/sdram/enc_file/sdr_wrrd.enc.v(0) / pin "clk"
SYN-5011 WARNING: Undriven pin: model "Mujica_top" / inst "bmp_wrapper_inst/your_top_inst/U3/u2_ram/u2_wrrd/Sdr_rd_dout_reg[2]" in ../../src/sdram/enc_file/sdr_wrrd.enc.v(0) / pin "clk"
SYN-5011 WARNING: Undriven pin: model "Mujica_top" / inst "bmp_wrapper_inst/your_top_inst/U3/u2_ram/u2_wrrd/Sdr_rd_dout_reg[3]" in ../../src/sdram/enc_file/sdr_wrrd.enc.v(0) / pin "clk"
SYN-5011 WARNING: Undriven pin: model "Mujica_top" / inst "bmp_wrapper_inst/your_top_inst/U3/u2_ram/u2_wrrd/Sdr_rd_dout_reg[4]" in ../../src/sdram/enc_file/sdr_wrrd.enc.v(0) / pin "clk"
SYN-5011 WARNING: Undriven pin: model "Mujica_top" / inst "bmp_wrapper_inst/your_top_inst/U3/u2_ram/u2_wrrd/Sdr_rd_dout_reg[5]" in ../../src/sdram/enc_file/sdr_wrrd.enc.v(0) / pin "clk"
SYN-5011 WARNING: Undriven pin: model "Mujica_top" / inst "bmp_wrapper_inst/your_top_inst/U3/u2_ram/u2_wrrd/Sdr_rd_dout_reg[6]" in ../../src/sdram/enc_file/sdr_wrrd.enc.v(0) / pin "clk"
SYN-5011 WARNING: Undriven pin: model "Mujica_top" / inst "bmp_wrapper_inst/your_top_inst/U3/u2_ram/u2_wrrd/Sdr_rd_dout_reg[7]" in ../../src/sdram/enc_file/sdr_wrrd.enc.v(0) / pin "clk"
SYN-5011 WARNING: Undriven pin: model "Mujica_top" / inst "bmp_wrapper_inst/your_top_inst/U3/u2_ram/u2_wrrd/Sdr_rd_dout_reg[8]" in ../../src/sdram/enc_file/sdr_wrrd.enc.v(0) / pin "clk"
SYN-5011 WARNING: Undriven pin: model "Mujica_top" / inst "bmp_wrapper_inst/your_top_inst/U3/u2_ram/u2_wrrd/Sdr_rd_dout_reg[9]" in ../../src/sdram/enc_file/sdr_wrrd.enc.v(0) / pin "clk"
SYN-5011 Similar messages will be suppressed.
SYN-5025 WARNING: Using 0 for all undriven pins and nets
SYN-1001 : End Stage 2.3 | Map Macro; Time: 3.206184s wall, 2.953125s user + 0.078125s system = 3.031250s CPU (94.5%); Memory(MB): used = 400, reserved = 490, peak = 427;

SYN-1079 : finish stage Map Macro. Total instances: 18138, Total nets: 18894.

SYN-1001 : Stage 2.4 | Map Gate
SYN-3001 : Collect 3477 PI 2293 PO (34 timing unconstrained) for mapping
SYN-2581 : Mapping with K=5, #lut = 3392 (3.31), #lev = 8 (2.29), #crit_level = 0
SYN-2551 : Post LUT mapping optimization.
SYN-2581 : Mapping with K=5, #lut = 3442 (3.22), #lev = 8 (2.49), #crit_level = 0
SYN-3001 : Logic optimization opt = 1.28 sec, map = 0.25 sec, post map opt = 0.85 sec.
SYN-1001 : End Stage 2.4 | Map Gate; Time: 5.506578s wall, 5.109375s user + 0.156250s system = 5.265625s CPU (95.6%); Memory(MB): used = 420, reserved = 516, peak = 427;

SYN-1001 : Packing model "Mujica_top" ...
SYN-4010 : Pack lib has 57 rtl pack models with 26 top pack blocks
SYN-1014 : Optimize round 1
SYN-1015 : Optimize round 1, 0 better
SYN-4002 : Packing 3906 DFF/LATCH to SEQ ...
SYN-4009 : Pack 23 carry chain into lslice
SYN-4007 : Packing 444 adder to BLE ...
SYN-4008 : Packed 444 adder and 96 SEQ to BLE.
SYN-4007 : Packing 0 gate4 to BLE ...
SYN-4008 : Packed 0 gate4 and 0 SEQ to BLE.
RUN-1002 : start command "report_qor -step gate -file gate.qor"
RUN-1002 : start command "start_timer"
-----------------------------------------------------------
| QoR metrics               |         value               |
-----------------------------------------------------------
| Timing                    |                             |
|     Setup WNS             |        -4713                |
|     Setup TNS             |      -271131                |
|     Num of violated S-EP  |          215                |
|     Hold WNS              |          471                |
|     Hold TNS              |            0                |
|     Num of violated H-EP  |            0                |
-----------------------------------------------------------
| Utilization               |                             |
|     #registers            |         3810                |
|     #luts                 |         3445                |
|     #lut1                 |           29                |
|     #lut1(~A)             |           26                |
|     #slices               |          361                |
|     slices percentage     |        3.68%                |
|     #RAMs                 |           12                |
|     #DSPs                 |            0                |
|     #f7mux                |        0.00%                |
|     #MACROs               |           62                |
|     #insts in MACRO       |          361                |
-----------------------------------------------------------
| kept_net                  |                             |
|     #syn_keep             |          182                |
|     #keep_hier            |           74                |
|     #dont_touch           |            0                |
|     #mark_debug           |            0                |
|     #max_fanout_keep      |            0                |
|     #async_reg            |            0                |
-----------------------------------------------------------
| Top 10% datanet fanout#   |        37.78                |
| dff(single fanout)->dff   |          458                |
| dff(single fanout)->dram  |            0                |
-----------------------------------------------------------
| Over-quota path num*      |                             |
|     Total                 |            0                |
-----------------------------------------------------------
| Rent**                    |                             |
-----------------------------------------------------------
Note*: Over-quota path shows the over-path-level-threshold path number of each clock.
       The clock will not be shown if no path is with path level over the threshold.
       The threshold is defined as worst path_margin / 800ps.
Note**: Rent shows the rent exponent value of the modules whose rent value exceeds the threshold.
        Only modules under top are reported, and the threshold is defined as 0.7.

Logic Level Distribution
------------------------------------------------------------------------------------------------------------------------------------------------------------------------
  Clock                                                                   |  Period             |  0     |  1     |  2    |  3     |  4    |  5    |  6    |  7   |  8
------------------------------------------------------------------------------------------------------------------------------------------------------------------------
  bmp_wrapper_inst/eth_control_inst/clk_eth_gen/u_pll_0/pll_inst.clkc[0]  |  8.000ns (125MHz)   |  0     |  0     |  0    |  0     |  0    |  0    |  0    |  0   |  0
  bmp_wrapper_inst/eth_control_inst/clk_eth_gen/u_pll_0/pll_inst.clkc[1]  |  8.000ns (125MHz)   |  1213  |  978   |  773  |  2829  |  214  |  555  |  502  |  76  |  0
  bmp_wrapper_inst/eth_control_inst/clk_eth_gen/u_pll_0/pll_inst.clkc[4]  |  8.000ns (125MHz)   |  2     |  0     |  0    |  0     |  0    |  0    |  0    |  0   |  0
  bmp_wrapper_inst/eth_control_inst/clk_eth_gen/u_pll_0/pll_inst.refclk   |  20.000ns (50MHz)   |  0     |  0     |  0    |  0     |  0    |  0    |  0    |  0   |  0
  bmp_wrapper_inst/eth_control_inst/clk_rx_pll/pll_inst.clkc[0]           |  8.000ns (125MHz)   |  0     |  0     |  0    |  0     |  0    |  0    |  0    |  0   |  0
  bmp_wrapper_inst/eth_control_inst/clk_rx_pll/pll_inst.clkc[1]           |  8.000ns (125MHz)   |  520   |  129   |  105  |  100   |  30   |  11   |  0    |  0   |  0
  bmp_wrapper_inst/eth_control_inst/clk_rx_pll/pll_inst.clkc[2]           |  4.000ns (250MHz)   |  0     |  0     |  0    |  0     |  0    |  0    |  0    |  0   |  0
  bmp_wrapper_inst/your_top_inst/sys_pll_m0/pll_inst.clkc[0]              |  10.000ns (100MHz)  |  172   |  182   |  72   |  197   |  109  |  24   |  2    |  17  |  1
  bmp_wrapper_inst/your_top_inst/sys_pll_m0/pll_inst.clkc[1]              |  8.000ns (125MHz)   |  475   |  45    |  36   |  5     |  10   |  8    |  4    |  0   |  0
  bmp_wrapper_inst/your_top_inst/sys_pll_m0/pll_inst.clkc[2]              |  8.000ns (125MHz)   |  39    |  0     |  0    |  0     |  0    |  0    |  0    |  0   |  0
  bmp_wrapper_inst/your_top_inst/sys_pll_m0/pll_inst.refclk               |  20.000ns (50MHz)   |  0     |  0     |  0    |  0     |  0    |  0    |  0    |  0   |  0
  clk                                                                     |  20.000ns (50MHz)   |  0     |  0     |  0    |  0     |  0    |  0    |  0    |  0   |  0
  clk_in                                                                  |  20.000ns (50MHz)   |  0     |  0     |  0    |  0     |  0    |  0    |  0    |  0   |  0
  phy1_rgmii_rx_clk                                                       |  8.000ns (125MHz)   |  0     |  0     |  0    |  0     |  0    |  0    |  0    |  0   |  0
  Total                                                                   |  NA                 |  2421  |  1334  |  986  |  3131  |  363  |  598  |  508  |  93  |  1
------------------------------------------------------------------------------------------------------------------------------------------------------------------------
Note: The table count the worst 100000 paths, each endpoint count only one time.(9435 paths analyzed)

Hierarchical Rent Exponent Report
+----------------------------------------------------------------------------------+
|Inst               |Model                  |Rent     |Cell     |Pin     |Term     |
+----------------------------------------------------------------------------------+
|top                |Mujica_top             |0.16     |8151     |31958   |17       |
|  bmp_wrapper_inst |bmp_transfer_wrapper_1 |0.25     |8089     |31768   |37       |
+----------------------------------------------------------------------------------+
Note: Cell represents total number of cells inside module; Pin represents total number of pins
      which have net connection inside module; Term represents total number of PIs and POs of module.
      Rent represents the relationship between number of terms and number of cells in module.
      A module with higher rent corresponds to highly connected logic and strong connectivity with others.
Report gate stage QoR done.

SYN-1001 : The design has 33 dangling syn_keep insts.
RUN-1003 : finish command "report_qor -step gate -file gate.qor" in  1.175637s wall, 1.109375s user + 0.062500s system = 1.171875s CPU (99.7%)

RUN-1004 : used memory is 417 MB, reserved memory is 513 MB, peak memory is 427 MB
RUN-1002 : start command "report_area -file pic_sdram_gate.area"
RUN-1001 : standard
***Report Model: Mujica_top Device: EG4S20BG256***

IO Statistics
#IO                        22   out of    188   11.70%
  #input                   13
  #output                   9
  #inout                    0
#virtual IO                 3
  #input                    0
  #output                   0
  #inout                    0

LUT Statistics
#Total_luts              3445
  #lut4                  3044
  #lut5                   401
  #lut6                     0
  #lut5_mx41                0
  #lut4_alu1b               0

Utilization Statistics
#lut                     4167   out of  19600   21.26%
#reg                     3906   out of  19600   19.93%
#bram                      12   out of     64   18.75%
  #bram9k                  12
  #fifo9k                   0
#bram32k                    0   out of     16    0.00%
#dsp                        0   out of     29    0.00%
#pad                       22   out of    188   11.70%
  #ireg                     5
  #oreg                     9
  #treg                     0
#pll                        3   out of      4   75.00%
#gclk                       4   out of     16   25.00%

SYN-1001 : End Stage 2 | Optimize Gate; Time: 11.554189s wall, 9.734375s user + 1.343750s system = 11.078125s CPU (95.9%); Memory(MB): used = 417, reserved = 513, peak = 427;

RUN-1003 : finish command "optimize_gate -packarea pic_sdram_gate.area" in  11.564256s wall, 9.750000s user + 1.343750s system = 11.093750s CPU (95.9%)

RUN-1004 : used memory is 417 MB, reserved memory is 513 MB, peak memory is 427 MB
RUN-1002 : start command "legalize_phy_inst"
SYN-1001 : Stage 3 | Legalize Phy Inst
SYN-1011 : Flatten model Mujica_top
SYN-1001 : End Stage 3 | Legalize Phy Inst; Time: 0.022684s wall, 0.031250s user + 0.000000s system = 0.031250s CPU (137.8%); Memory(MB): used = 417, reserved = 513, peak = 427;

RUN-1002 : start command "update_timing"
RUN-1002 : start command "start_timer"
RUN-1002 : start command "report_timing_status -file pic_sdram_gate.ts"
RUN-1002 : start command "report_timing_summary -file pic_sdram_gate.timing"
RUN-1002 : start command "flow_status -file flow.status"
Location         : C:\Users\softf\Desktop\MAIN\pic_sdram_Runs\syn_1
Running with     : Tang Dynasty v6.2.168116
                   Copyright (c) 2012-2025 Anlogic Inc.
Top Model        : Mujica_top
Device           : EG4S20BG256
Speed            : NA

Timing Mode      : basic
Setup            : WNS -4713ps  TNS  -271131ps  NUM_FEPS   215
Hold             : WNS   471ps  TNS        0ps  NUM_FEPS     0

Flow Statistics  :
RUN-1001 : Flow Statistics:
RUN-1001 : --------------------------------------------------------------------------------------------------
RUN-1001 :      command     |  #calls  |  wall time  |  cpu time(s)  |  used memory(mb)  |  peak memory(mb)  
RUN-1001 : --------------------------------------------------------------------------------------------------
RUN-1001 :   optimize_rtl   |    1     |  13s(54%)   |    12(54%)    |        377        |        427        
RUN-1001 :   optimize_gate  |    1     |  11s(45%)   |    10(45%)    |        417        |        427        
RUN-1001 :   import_device  |    1     |   0s(0%)    |     0(0%)     |        84         |        84         
RUN-1001 :     read_adc     |    2     |   0s(0%)    |     0(0%)     |        227        |        227        
RUN-1001 :     read_sdc     |    4     |   0s(0%)    |     0(0%)     |        227        |        227        
RUN-1001 : --------------------------------------------------------------------------------------------------
RUN-1001 :       total      |    9     |     24s     |      22       |        417        |        427        
RUN-1001 : --------------------------------------------------------------------------------------------------
RUN-1002 : start command "export_db pic_sdram_gate.db"
RUN-1001 : Exported flow parameters
RUN-1001 : Exported /
RUN-1001 : Exported libs
RUN-1001 : Exported entities
RUN-1001 : Exported ports
RUN-1001 : Exported pins
RUN-1001 : Exported instances
RUN-1001 : Exported nets
RUN-1001 : Exported buses
RUN-1001 : Exported models
RUN-1001 : Exported packer
RUN-1001 : Exported congestions
RUN-1001 : Exported violations
RUN-1001 : Exported ATMR Setting
RUN-1001 : Exported timing constraints
RUN-1001 : Exported IO constraints
RUN-1001 : Exported Inst constraints
RUN-1001 : Exported ChipWatcher
RUN-1002 : start command "export_flow_status -s read_design -e opt_gate"
RUN-1002 : start command "flow_status"

Location         : C:\Users\softf\Desktop\MAIN\pic_sdram_Runs\syn_1
Running with     : Tang Dynasty v6.2.168116
                   Copyright (c) 2012-2025 Anlogic Inc.
Top Model        : Mujica_top
Device           : EG4S20BG256
Speed            : NA

Timing Mode      : basic
Setup            : WNS -4713ps  TNS  -271131ps  NUM_FEPS   215
Hold             : WNS   471ps  TNS        0ps  NUM_FEPS     0

RUN-1001 : Flow Statistics:
RUN-1001 : --------------------------------------------------------------------------------------------------
RUN-1001 :      command     |  #calls  |  wall time  |  cpu time(s)  |  used memory(mb)  |  peak memory(mb)  
RUN-1001 : --------------------------------------------------------------------------------------------------
RUN-1001 :   optimize_rtl   |    1     |  13s(54%)   |    12(54%)    |        377        |        427        
RUN-1001 :   optimize_gate  |    1     |  11s(45%)   |    10(45%)    |        417        |        427        
RUN-1001 :   import_device  |    1     |   0s(0%)    |     0(0%)     |        84         |        84         
RUN-1001 :     read_adc     |    2     |   0s(0%)    |     0(0%)     |        227        |        227        
RUN-1001 :     read_sdc     |    4     |   0s(0%)    |     0(0%)     |        227        |        227        
RUN-1001 : --------------------------------------------------------------------------------------------------
RUN-1001 :       total      |    9     |     24s     |      22       |        417        |        427        
RUN-1001 : --------------------------------------------------------------------------------------------------
