============================================================
   Tang Dynasty, V6.2.168116
   Copyright (c) 2012-2025 Anlogic Inc.
   Executable = D:/Anlogic/bin/run.exe
   Built at =   16:32:07 Jun 12 2025
   Run by =     softf
   Run Date =   Mon Nov  3 00:54:48 2025

   Run on =     KAYOKO
============================================================
RUN-1002 : start command "import_device eagle_s20.db -package EG4S20BG256"
RUN-1001 : Using default speed grade: NA
ARC-1001 : Device Initialization.
ARC-1001 : ------------------------------------------------------------------
ARC-1001 :            OPTION            |          IO          |   SETTING   
ARC-1001 : ------------------------------------------------------------------
ARC-1001 :   cso_b/cclk/mosi/miso/dout  |  T3/R11/T10/P10/S11  |    gpio    
ARC-1001 :             done             |         P13          |    gpio    
ARC-1001 :           program_b          |          T2          |  dedicate  
ARC-1001 :        tdi/tms/tck/tdo       |   C12/A15/C14/E14    |  dedicate  
ARC-1001 : ------------------------------------------------------------------
ARC-1004 : Device setting, marked 5 dedicate IOs in total.
RUN-1002 : start command "open_project pic_sdram.prj -noanalyze"
RUN-1002 : start command "import_db ../syn_1/pic_sdram_gate.db"
RUN-1001 : Importing database generated by Tang Dynasty, V6.2.168116.
RUN-1001 : Database version number 46207
RUN-1001 : Import flow parameters
RUN-1001 : Import netlist
RUN-1001 : Import timing constraints
RUN-1001 : Import IO constraints
RUN-1001 : Import Inst constraints
RUN-1001 : Import ChipWatcher
RUN-1001 : Import design success TD_VERSION=6.2.168116 , DB_VERSION=46207
RUN-1002 : start command "commit_param -step place"
RUN-1001 : Print Global Property
RUN-1001 : --------------------------------------------------------
RUN-1001 :   Parameters   |  Settings  |  Default Values  |  Note  
RUN-1001 : --------------------------------------------------------
RUN-1001 :   enable_seed  |    off     |       off        |        
RUN-1001 :     message    |  standard  |     standard     |        
RUN-1001 :   qor_monitor  |     on     |        on        |        
RUN-1001 :   syn_ip_flow  |    off     |       off        |        
RUN-1001 :     thread     |    auto    |       auto       |        
RUN-1001 : --------------------------------------------------------
RUN-1001 : Print Place Property
RUN-1001 : -----------------------------------------------------------
RUN-1001 :     Parameters    |  Settings  |  Default Values  |  Note  
RUN-1001 : -----------------------------------------------------------
RUN-1001 :       effort      |   medium   |      medium      |        
RUN-1001 :   hfn_opt_effort  |   medium   |      medium      |        
RUN-1001 :     max_fanout    |   999999   |      999999      |        
RUN-1001 :     opt_timing    |   medium   |      medium      |        
RUN-1001 :   post_place_opt  |    auto    |       auto       |        
RUN-1001 :    pr_strategy    |     1      |        1         |        
RUN-1001 :     relaxation    |    1.00    |       1.00       |        
RUN-1001 : -----------------------------------------------------------
RUN-1002 : start command "insert_debugger"
RUN-1002 : start command "place"
RUN-1001 : Open license file D:/Anlogic/license/Anlogic.lic
PHY-3001 : Placer runs in 32 thread(s).
PHY-1001 : Stage 1 | Initialize Design
PHY-1001 : Stage 1.1 | Build Design
PHY-1001 : 3445 luts, 3778 seqs, 231 mslices, 130 lslices, 77 pads, 12 brams, 0 dsps
RUN-1002 : start command "legalize_phy_inst"
SYN-1011 : Flatten model Mujica_top
PHY-1001 : Remove keep and sweep redundant instances ...
PHY-1001 : 3407 luts, 3697 seqs, 205 mslices, 130 lslices, 77 pads, 12 brams, 0 dsps
PHY-1001 : End Stage 1.1 | Build Design; Time: 0.020456s wall, 0.031250s user + 0.000000s system = 0.031250s CPU (152.8%); Memory(MB): used = 175, reserved = 171, peak = 175;

PHY-1001 : Stage 1.2 | Optimize Design
OPT-1001 : Stage 1.2.1 | Simplify Lut
OPT-1001 : End Stage 1.2.1 | Simplify Lut; Time: 0.006232s wall, 0.000000s user + 0.000000s system = 0.000000s CPU (n/a%); Memory(MB): used = 176, reserved = 171, peak = 176;

OPT-1001 : Stage 1.2.2 | Sweep
OPT-1001 : End Stage 1.2.2 | Sweep; Time: 0.001552s wall, 0.000000s user + 0.000000s system = 0.000000s CPU (n/a%); Memory(MB): used = 176, reserved = 171, peak = 176;

OPT-1001 : Stage 1.2.3 | Synthesize High-fanout Net
OPT-1001 : Current memory(MB): used = 176, reserved = 171, peak = 176.
OPT-1001 : End Stage 1.2.3 | Synthesize High-fanout Net; Time: 0.000042s wall, 0.000000s user + 0.000000s system = 0.000000s CPU (n/a%); Memory(MB): used = 176, reserved = 171, peak = 176;

OPT-1001 : End physical optimization;  0.008004s wall, 0.000000s user + 0.000000s system = 0.000000s CPU (n/a%)

PHY-1001 : End Stage 1.2 | Optimize Design; Time: 0.008063s wall, 0.000000s user + 0.000000s system = 0.000000s CPU (n/a%); Memory(MB): used = 176, reserved = 171, peak = 176;

PHY-1001 : Stage 1.3 | Initialize Clock
SYN-4016 : Net bmp_wrapper_inst/eth_control_inst/clk_eth_gen/u_pll_0/clk0_out driven by BUFG (0 clock/control pins, 1 other pins).
SYN-4016 : Net bmp_wrapper_inst/eth_control_inst/clk_rx_pll/clk0_out driven by BUFG (0 clock/control pins, 1 other pins).
SYN-4016 : Net bmp_wrapper_inst/eth_control_inst/trans_TEMAC/rx_clk driven by BUFG (365 clock/control pins, 0 other pins).
SYN-4016 : Net bmp_wrapper_inst/your_top_inst/sd_card_bmp_m0/ax_debounce_m0/clk driven by BUFG (397 clock/control pins, 1 other pins).
SYN-4027 : Net bmp_wrapper_inst/eth_control_inst/trans_TEMAC/gtx_clk is clkc1 of pll bmp_wrapper_inst/eth_control_inst/clk_eth_gen/u_pll_0/pll_inst.
SYN-4027 : Net bmp_wrapper_inst/eth_control_inst/trans_TEMAC/u1_rgmii_interface/rgmii_txc_ddr/clk is clkc4 of pll bmp_wrapper_inst/eth_control_inst/clk_eth_gen/u_pll_0/pll_inst.
SYN-4019 : Net sys_clk_dup_1 is refclk of pll bmp_wrapper_inst/eth_control_inst/clk_eth_gen/u_pll_0/pll_inst.
SYN-4020 : Net sys_clk_dup_1 is fbclk of pll bmp_wrapper_inst/eth_control_inst/clk_eth_gen/u_pll_0/pll_inst.
SYN-4019 : Net phy1_rgmii_rx_clk_dup_1 is refclk of pll bmp_wrapper_inst/eth_control_inst/clk_rx_pll/pll_inst.
SYN-4020 : Net phy1_rgmii_rx_clk_dup_1 is fbclk of pll bmp_wrapper_inst/eth_control_inst/clk_rx_pll/pll_inst.
SYN-4027 : Net bmp_wrapper_inst/your_top_inst/U3/u2_ram/u1_init_ref/Sdr_clk is clkc1 of pll bmp_wrapper_inst/your_top_inst/sys_pll_m0/pll_inst.
SYN-4027 : Net bmp_wrapper_inst/your_top_inst/U3/u2_ram/SDRAM_CLK is clkc2 of pll bmp_wrapper_inst/your_top_inst/sys_pll_m0/pll_inst.
SYN-4019 : Net sys_clk_dup_1 is refclk of pll bmp_wrapper_inst/your_top_inst/sys_pll_m0/pll_inst.
SYN-4020 : Net sys_clk_dup_1 is fbclk of pll bmp_wrapper_inst/your_top_inst/sys_pll_m0/pll_inst.
SYN-4024 : Net "change_pic_n" drives clk pins.
SYN-4024 : Net "input_state_n" drives clk pins.
SYN-4024 : Net "input_state_n1" drives clk pins.
SYN-4024 : Net "return_idle_n" drives clk pins.
SYN-4025 : Tag rtl::Net bmp_wrapper_inst/eth_control_inst/clk_eth_gen/u_pll_0/clk0_out as clock net
SYN-4025 : Tag rtl::Net bmp_wrapper_inst/eth_control_inst/clk_rx_pll/clk0_out as clock net
SYN-4025 : Tag rtl::Net bmp_wrapper_inst/eth_control_inst/trans_TEMAC/gtx_clk as clock net
SYN-4025 : Tag rtl::Net bmp_wrapper_inst/eth_control_inst/trans_TEMAC/rx_clk as clock net
SYN-4025 : Tag rtl::Net bmp_wrapper_inst/eth_control_inst/trans_TEMAC/u1_rgmii_interface/rgmii_txc_ddr/clk as clock net
SYN-4025 : Tag rtl::Net bmp_wrapper_inst/your_top_inst/U3/u2_ram/SDRAM_CLK as clock net
SYN-4025 : Tag rtl::Net bmp_wrapper_inst/your_top_inst/U3/u2_ram/u1_init_ref/Sdr_clk as clock net
SYN-4025 : Tag rtl::Net bmp_wrapper_inst/your_top_inst/sd_card_bmp_m0/ax_debounce_m0/clk as clock net
SYN-4025 : Tag rtl::Net change_pic_n as clock net
SYN-4025 : Tag rtl::Net input_state_n as clock net
SYN-4025 : Tag rtl::Net input_state_n1 as clock net
SYN-4025 : Tag rtl::Net phy1_rgmii_rx_clk_dup_1 as clock net
SYN-4025 : Tag rtl::Net return_idle_n as clock net
SYN-4025 : Tag rtl::Net sys_clk_dup_1 as clock net
SYN-4026 : Tagged 14 rtl::Net as clock net
SYN-4015 : Create BUFG instance for clk Net change_pic_n to drive 2 clock pins.
SYN-4015 : Create BUFG instance for clk Net input_state_n to drive 2 clock pins.
SYN-4015 : Create BUFG instance for clk Net input_state_n1 to drive 2 clock pins.
SYN-4015 : Create BUFG instance for clk Net return_idle_n to drive 2 clock pins.
PHY-1001 : Populate physical database on model Mujica_top.
RUN-1001 : There are total 7411 instances
RUN-0007 : 3363 luts, 3625 seqs, 189 mslices, 130 lslices, 77 pads, 12 brams, 0 dsps
RUN-1001 : There are total 8127 nets
RUN-1001 : 5953 nets have 2 pins
RUN-1001 : 1569 nets have [3 - 5] pins
RUN-1001 : 375 nets have [6 - 10] pins
RUN-1001 : 132 nets have [11 - 20] pins
RUN-1001 : 82 nets have [21 - 99] pins
RUN-1001 : 16 nets have 100+ pins
PHY-1001 : End Stage 1.3 | Initialize Clock; Time: 0.010700s wall, 0.000000s user + 0.000000s system = 0.000000s CPU (n/a%); Memory(MB): used = 176, reserved = 171, peak = 176;

PHY-1001 : End Stage 1 | Initialize Design; Time: 0.043459s wall, 0.046875s user + 0.000000s system = 0.046875s CPU (107.9%); Memory(MB): used = 176, reserved = 171, peak = 176;

PHY-1001 : Stage 2 | Global Placement
RUN-1001 : Report Control nets information:
RUN-1001 : DFF Distribution
RUN-1001 : -------------------------------------
RUN-1001 :   CE   |  SSR  |  ASR  |  DFF Count  
RUN-1001 : -------------------------------------
RUN-1001 :   No   |  No   |  No   |     378     
RUN-1001 :   No   |  No   |  Yes  |     541     
RUN-1001 :   No   |  Yes  |  No   |     79      
RUN-1001 :   Yes  |  No   |  No   |     189     
RUN-1001 :   Yes  |  No   |  Yes  |    1995     
RUN-1001 :   Yes  |  Yes  |  No   |     443     
RUN-1001 : -------------------------------------
RUN-1001 : Control Group Statistic
RUN-1001 : -----------------------------
RUN-1001 :   #CLK  |  #CE  |  #SSR/ASR  
RUN-1001 : -----------------------------
RUN-1001 :    10   |  129  |     22     
RUN-1001 : -----------------------------
RUN-0007 : Control Set = 156
PHY-1001 : Stage 2.1 | Place Fixed Instances
PHY-1001 : End Stage 2.1 | Place Fixed Instances; Time: 0.029321s wall, 0.031250s user + 0.000000s system = 0.031250s CPU (106.6%); Memory(MB): used = 177, reserved = 172, peak = 177;

PHY-1001 : Stage 2.2 | Pre-Place DRC Check
PHY-1001 : Stage 2.2.1 | Force Route Constraint Check
PHY-1001 : Check Pass.
PHY-1001 : End Stage 2.2.1 | Force Route Constraint Check; Time: 0.000464s wall, 0.000000s user + 0.000000s system = 0.000000s CPU (n/a%); Memory(MB): used = 177, reserved = 172, peak = 177;

PHY-1001 : End Stage 2.2 | Pre-Place DRC Check; Time: 0.000511s wall, 0.000000s user + 0.000000s system = 0.000000s CPU (n/a%); Memory(MB): used = 177, reserved = 172, peak = 177;

PHY-1001 : Stage 2.3 | Global Placement Step 1
PHY-3001 : Target density is 70%
PHY-1001 : Stage 2.3.1 | Update Timing
RUN-1002 : start command "start_timer"
USR-6001 WARNING: No ports matched 'get_ports clk_50'
RUN-1101 : create_clock: defined a virtual clock: clk_in.
USR-1002 : Derived clock:  create_generated_clock -name {bmp_wrapper_inst/eth_control_inst/clk_rx_pll/pll_inst.clkc[0]} -source [get_ports {phy1_rgmii_rx_clk}] -master_clock {phy1_rgmii_rx_clk} -multiply_by 1.0000 -duty_cycle 50.0000 [get_pins {bmp_wrapper_inst/eth_control_inst/clk_rx_pll/pll_inst.clkc[0]}]
USR-1002 : Derived clock:  create_generated_clock -name {bmp_wrapper_inst/eth_control_inst/clk_rx_pll/pll_inst.clkc[1]} -source [get_ports {phy1_rgmii_rx_clk}] -master_clock {phy1_rgmii_rx_clk} -multiply_by 1.0000 -duty_cycle 50.0000 [get_pins {bmp_wrapper_inst/eth_control_inst/clk_rx_pll/pll_inst.clkc[1]}]
USR-6001 WARNING: No pins matched 'get_pins u_clk_gen/u_pll_0/pll_inst.clkc[1]'
USR-6001 WARNING: No nets matched 'get_nets udp_clk'
USR-8108 CRITICAL-WARNING: create_generated_clock: cannot define a generated clock without targets.
USR-8159 CRITICAL-WARNING: Command create_generated_clock -name {udp_clk_125m} -source [get_pins {u_clk_gen/u_pll_0/pll_inst.clkc[1]}] -master_clock {pll_inst_125M_1} -divide_by 1.000 -phase 0.000 -add [get_nets {udp_clk}] in C:/Users/softf/Desktop/MAIN/Mujica.sdc(10) fails.
USR-6001 WARNING: No ports matched 'get_ports clk'
RUN-1101 : create_clock: defined a virtual clock: clk.
USR-6136 CRITICAL-WARNING: 'derive_pll_clocks' is obsolete. Please use 'derive_clocks' instead, which handles more types of clock deriving resources. 
Launching timing wizard will update this command automatically.
USR-6001 WARNING: No ports matched 'get_ports clk'
USR-6001 WARNING: No pins matched 'get_pins sys_pll_m0/pll_inst.clkc[0]'
USR-8124 CRITICAL-WARNING: Rename_clock: please specify object list.
USR-8159 CRITICAL-WARNING: Command rename_clock -name {sd_card_clk} -source [get_ports {clk}] -master_clock {clk} [get_pins {sys_pll_m0/pll_inst.clkc[0]}] in C:/Users/softf/Desktop/MAIN/top.sdc(23) fails.
USR-6001 WARNING: No ports matched 'get_ports clk'
USR-6001 WARNING: No pins matched 'get_pins sys_pll_m0/pll_inst.clkc[1]'
USR-8124 CRITICAL-WARNING: Rename_clock: please specify object list.
USR-8159 CRITICAL-WARNING: Command rename_clock -name {ext_mem_clk} -source [get_ports {clk}] -master_clock {clk} [get_pins {sys_pll_m0/pll_inst.clkc[1]}] in C:/Users/softf/Desktop/MAIN/top.sdc(24) fails.
USR-6001 WARNING: No ports matched 'get_ports clk'
USR-6001 WARNING: No pins matched 'get_pins video_pll_m0/pll_inst.clkc[0]'
USR-8124 CRITICAL-WARNING: Rename_clock: please specify object list.
USR-8159 CRITICAL-WARNING: Command rename_clock -name {video_clk} -source [get_ports {clk}] -master_clock {clk} [get_pins {video_pll_m0/pll_inst.clkc[0]}] in C:/Users/softf/Desktop/MAIN/top.sdc(25) fails.
USR-1002 : Derived clock:  create_generated_clock -name {bmp_wrapper_inst/eth_control_inst/clk_eth_gen/u_pll_0/pll_inst.clkc[0]} -source [get_pins {bmp_wrapper_inst/eth_control_inst/clk_eth_gen/u_pll_0/pll_inst.refclk}] -master_clock {bmp_wrapper_inst/eth_control_inst/clk_eth_gen/u_pll_0/pll_inst.refclk} -multiply_by 2.5000 -duty_cycle 50.0000 [get_pins {bmp_wrapper_inst/eth_control_inst/clk_eth_gen/u_pll_0/pll_inst.clkc[0]}]
USR-1002 : Derived clock:  create_generated_clock -name {bmp_wrapper_inst/eth_control_inst/clk_eth_gen/u_pll_0/pll_inst.clkc[1]} -source [get_pins {bmp_wrapper_inst/eth_control_inst/clk_eth_gen/u_pll_0/pll_inst.refclk}] -master_clock {bmp_wrapper_inst/eth_control_inst/clk_eth_gen/u_pll_0/pll_inst.refclk} -multiply_by 2.5000 -duty_cycle 50.0000 [get_pins {bmp_wrapper_inst/eth_control_inst/clk_eth_gen/u_pll_0/pll_inst.clkc[1]}]
USR-1002 : Derived clock:  create_generated_clock -name {bmp_wrapper_inst/eth_control_inst/clk_eth_gen/u_pll_0/pll_inst.clkc[4]} -source [get_pins {bmp_wrapper_inst/eth_control_inst/clk_eth_gen/u_pll_0/pll_inst.refclk}] -master_clock {bmp_wrapper_inst/eth_control_inst/clk_eth_gen/u_pll_0/pll_inst.refclk} -multiply_by 2.5000 -phase 90 -duty_cycle 50.0000 [get_pins {bmp_wrapper_inst/eth_control_inst/clk_eth_gen/u_pll_0/pll_inst.clkc[4]}]
USR-1002 : Derived clock:  create_generated_clock -name {bmp_wrapper_inst/your_top_inst/sys_pll_m0/pll_inst.clkc[0]} -source [get_pins {bmp_wrapper_inst/your_top_inst/sys_pll_m0/pll_inst.refclk}] -master_clock {bmp_wrapper_inst/your_top_inst/sys_pll_m0/pll_inst.refclk} -multiply_by 2.0000 -duty_cycle 50.0000 [get_pins {bmp_wrapper_inst/your_top_inst/sys_pll_m0/pll_inst.clkc[0]}]
USR-1002 : Derived clock:  create_generated_clock -name {bmp_wrapper_inst/your_top_inst/sys_pll_m0/pll_inst.clkc[1]} -source [get_pins {bmp_wrapper_inst/your_top_inst/sys_pll_m0/pll_inst.refclk}] -master_clock {bmp_wrapper_inst/your_top_inst/sys_pll_m0/pll_inst.refclk} -multiply_by 2.5000 -duty_cycle 50.0000 [get_pins {bmp_wrapper_inst/your_top_inst/sys_pll_m0/pll_inst.clkc[1]}]
USR-1002 : Derived clock:  create_generated_clock -name {bmp_wrapper_inst/your_top_inst/sys_pll_m0/pll_inst.clkc[2]} -source [get_pins {bmp_wrapper_inst/your_top_inst/sys_pll_m0/pll_inst.refclk}] -master_clock {bmp_wrapper_inst/your_top_inst/sys_pll_m0/pll_inst.refclk} -multiply_by 2.5000 -phase 180 -duty_cycle 50.0000 [get_pins {bmp_wrapper_inst/your_top_inst/sys_pll_m0/pll_inst.clkc[2]}]
USR-8130 CRITICAL-WARNING: No clock match the pattern: u_clk_gen/u_pll_0/pll_inst.clkc\[0\].
USR-8124 CRITICAL-WARNING: Rename_clock: please specify object list.
USR-8159 CRITICAL-WARNING: Command rename_clock -name {pll_inst_125M_0} [get_clocks {u_clk_gen/u_pll_0/pll_inst.clkc[0]}] in C:/Users/softf/Desktop/MAIN/Mujica.sdc(5) fails.
USR-8130 CRITICAL-WARNING: No clock match the pattern: u_clk_gen/u_pll_0/pll_inst.clkc\[1\].
USR-8124 CRITICAL-WARNING: Rename_clock: please specify object list.
USR-8159 CRITICAL-WARNING: Command rename_clock -name {pll_inst_125M_1} [get_clocks {u_clk_gen/u_pll_0/pll_inst.clkc[1]}] in C:/Users/softf/Desktop/MAIN/Mujica.sdc(6) fails.
USR-8130 CRITICAL-WARNING: No clock match the pattern: u_clk_gen/u_pll_0/pll_inst.clkc\[3\].
USR-8124 CRITICAL-WARNING: Rename_clock: please specify object list.
USR-8159 CRITICAL-WARNING: Command rename_clock -name {pll_inst_25M} [get_clocks {u_clk_gen/u_pll_0/pll_inst.clkc[3]}] in C:/Users/softf/Desktop/MAIN/Mujica.sdc(8) fails.
USR-8130 CRITICAL-WARNING: No clock match the pattern: udp_clk_125m.
USR-8208 CRITICAL-WARNING: Clock group is empty.
USR-8159 CRITICAL-WARNING: Command set_clock_groups -exclusive -group [get_clocks {udp_clk_125m}] in C:/Users/softf/Desktop/MAIN/Mujica.sdc(13) fails.
USR-6136 CRITICAL-WARNING: 'derive_pll_clocks' is obsolete. Please use 'derive_clocks' instead, which handles more types of clock deriving resources. 
Launching timing wizard will update this command automatically.
TMR-2502 : Net delay update with mode: Synthesized
USR-6133 CRITICAL-WARNING: Clock definition problem: primary clock bmp_wrapper_inst/eth_control_inst/clk_eth_gen/u_pll_0/pll_inst.refclk is defined on internal clock network. Please use create_generated_clock instead.
USR-6133 CRITICAL-WARNING: Clock definition problem: primary clock bmp_wrapper_inst/your_top_inst/sys_pll_m0/pll_inst.refclk is defined on internal clock network. Please use create_generated_clock instead.
PHY-1001 : SWNS: -4713, STNS: -271131, FEP: 215
PHY-1001 : End Stage 2.3.1 | Update Timing; Time: 0.505490s wall, 0.484375s user + 0.015625s system = 0.500000s CPU (98.9%); Memory(MB): used = 260, reserved = 254, peak = 260;

PHY-0007 : Cell area utilization is 20%
RUN-1001 : Huge Net Statistic
RUN-1001 : ----------------------------------------------------------------------------------
RUN-1001 :   Fanout  |  Slack  |                             Net                             
RUN-1001 : ----------------------------------------------------------------------------------
RUN-1001 :    2364   |   912   |  bmp_wrapper_inst/eth_control_inst/trans_tx_fifo/wr_sreset  
RUN-1001 : ----------------------------------------------------------------------------------
PHY-3001 : Clustering ...
PHY-3001 : End clustering;  0.000047s wall, 0.000000s user + 0.000000s system = 0.000000s CPU (n/a%)

PHY-3001 : Target density is 70%
PHY-1001 : Stage 2.3.2 | GP Iteration
PHY-1001 : End Stage 2.3.2 | GP Iteration; Time: 2.010568s wall, 8.750000s user + 2.750000s system = 11.500000s CPU (572.0%); Memory(MB): used = 263, reserved = 256, peak = 263;

PHY-3001 : Multithread accelerating rate: 5.71
TMR-2502 : Net delay update with mode: Placed
PHY-3001 : No need to merge 9x9 Dsps.
PHY-1001 : Populate physical database on model Mujica_top.
PHY-1001 : End Stage 2.3 | Global Placement Step 1; Time: 2.995466s wall, 9.703125s user + 2.765625s system = 12.468750s CPU (416.3%); Memory(MB): used = 264, reserved = 257, peak = 264;

PHY-1001 : Stage 2.4 | RAM/DSP Legalization and Detailed Placement
PHY-1001 : Stage 2.4.1 | Legalization
PHY-3001 : Before Legalized: Len = 226537
PHY-3001 : After Legalized: Len = 227240, Over = 69
PHY-1001 : End Stage 2.4.1 | Legalization; Time: 0.382016s wall, 0.390625s user + 0.000000s system = 0.390625s CPU (102.3%); Memory(MB): used = 264, reserved = 257, peak = 264;

PHY-1001 : End Stage 2.4 | RAM/DSP Legalization and Detailed Placement; Time: 0.382567s wall, 0.390625s user + 0.000000s system = 0.390625s CPU (102.1%); Memory(MB): used = 264, reserved = 257, peak = 264;

PHY-1001 : Stage 2.5 | Global Placement Step 2
PHY-3001 : Target density is 70%
PHY-1001 : Stage 2.5.1 | Update Timing
PHY-1001 : SWNS: -4713, STNS: -233099, FEP: 72
PHY-1001 : End Stage 2.5.1 | Update Timing; Time: 0.035184s wall, 0.031250s user + 0.000000s system = 0.031250s CPU (88.8%); Memory(MB): used = 267, reserved = 260, peak = 267;

PHY-1001 : Stage 2.5.2 | GP Iteration
PHY-1001 : End Stage 2.5.2 | GP Iteration; Time: 1.783921s wall, 11.859375s user + 1.406250s system = 13.265625s CPU (743.6%); Memory(MB): used = 267, reserved = 260, peak = 267;

PHY-3001 : Multithread accelerating rate: 7.42
PHY-1001 : End Stage 2.5 | Global Placement Step 2; Time: 2.052427s wall, 12.078125s user + 1.437500s system = 13.515625s CPU (658.5%); Memory(MB): used = 267, reserved = 260, peak = 267;

PHY-1001 : Stage 2.6 | RAM/DSP Detailed Placement
PHY-1001 : End Stage 2.6 | RAM/DSP Detailed Placement; Time: 0.003115s wall, 0.000000s user + 0.000000s system = 0.000000s CPU (n/a%); Memory(MB): used = 267, reserved = 260, peak = 267;

PHY-1001 : Stage 2.7 | Optimize Design
OPT-1001 : Start physical optimization ...
OPT-1001 : Total overflow 304.59 peak overflow 3.91
OPT-1001 : Stage 2.7.1 | Synthesize High-fanout Net
OPT-1001 : Start high-fanout net optimization in pre-pack flow with medium effort ...
OPT-1001 : Update timing in Manhattan mode
OPT-1001 : End timing update;  0.219558s wall, 0.203125s user + 0.000000s system = 0.203125s CPU (92.5%)

OPT-1001 : Start: SWNS -4713 STNS -232699 NUM_FEPS 72
OPT-1001 : Total overflow 304.59 peak overflow 3.91
PHY-1001 : Populate physical database on model Mujica_top.
OPT-1001 : 14 high-fanout net processed.
PHY-3001 : Start incremental placement ...
PHY-1001 : Populate physical database on model Mujica_top.
PHY-3001 : Target density is 26%
PHY-3001 : Target density is 70%
PHY-1001 : Stage 2.7.1.1 | Update Timing
PHY-1001 : SWNS: -4713, STNS: -232699, FEP: 72
PHY-1001 : End Stage 2.7.1.1 | Update Timing; Time: 0.025141s wall, 0.031250s user + 0.000000s system = 0.031250s CPU (124.3%); Memory(MB): used = 270, reserved = 263, peak = 270;

PHY-1001 : Stage 2.7.1.2 | GP Iteration
PHY-1001 : End Stage 2.7.1.2 | GP Iteration; Time: 0.556713s wall, 2.859375s user + 0.203125s system = 3.062500s CPU (550.1%); Memory(MB): used = 270, reserved = 263, peak = 270;

PHY-3001 : Multithread accelerating rate: 5.48
PHY-3001 : Final: Len = 219424, Over = 94.7812
PHY-3001 : End incremental placement;  0.646981s wall, 2.968750s user + 0.203125s system = 3.171875s CPU (490.3%)

OPT-1001 : Total overflow 335.59 peak overflow 3.94
RUN-1001 : HFN opt statistic
RUN-1001 : ------------------------------------------------------
RUN-1001 :   DriverCell type  |  HFN count  |  Duplicated count  
RUN-1001 : ------------------------------------------------------
RUN-1001 :         REG        |      7      |         30         
RUN-1001 :        LUT6        |      0      |         0          
RUN-1001 :        LUT5        |      2      |         6          
RUN-1001 :        LUT4        |      2      |         6          
RUN-1001 :        LUT3        |      1      |         89         
RUN-1001 :        LUT2        |      2      |         4          
RUN-1001 :        TOTAL       |     14      |        135         
RUN-1001 : ------------------------------------------------------
OPT-1001 : End high-fanout net optimization;  1.227207s wall, 3.515625s user + 0.203125s system = 3.718750s CPU (303.0%)

OPT-1001 : Update timing in Manhattan mode
OPT-1001 : End timing update;  0.240921s wall, 0.250000s user + 0.000000s system = 0.250000s CPU (103.8%)

OPT-1001 : Current memory(MB): used = 270, reserved = 263, peak = 270.
OPT-1001 : End Stage 2.7.1 | Synthesize High-fanout Net; Time: 1.494112s wall, 3.781250s user + 0.203125s system = 3.984375s CPU (266.7%); Memory(MB): used = 270, reserved = 263, peak = 270;

OPT-1001 : Stage 2.7.2 | Global Optimization
OPT-1001 : Start global optimization ...
OPT-0007 : Start: SWNS -4713 STNS -232683 NUM_FEPS 71
OPT-1001 : Start congestion update ...
RUN-1001 : Generating global routing grids ...
RUN-1001 : Building simple global routing graph ...
PHY-1001 : Generate routing nets ...
PHY-1001 : Reuse net number 0/6426.
PHY-1001 : Global iterations in 32 thread ...
PHY-1002 : len = 245008, over cnt = 889(2%), over = 2513, worst = 12
PHY-1002 : len = 257640, over cnt = 735(2%), over = 1643, worst = 12
PHY-1002 : len = 279504, over cnt = 229(0%), over = 379, worst = 12
PHY-1002 : len = 283224, over cnt = 114(0%), over = 175, worst = 12
PHY-1002 : len = 287752, over cnt = 0(0%), over = 0, worst = 0
PHY-1001 : End global iterations;  0.455141s wall, 0.625000s user + 0.031250s system = 0.656250s CPU (144.2%)

PHY-1001 : Congestion index:
PHY-1001 : top1  = 49.35(S 58.71, N 66.03, E 57.93, W 54.14, I 0.00, O 0.00)
PHY-1001 : top5  = 40.61(S 45.24, N 54.15, E 45.20, W 42.36, I 0.00, O 0.00)
PHY-1001 : top10 = 35.67(S 38.32, N 46.89, E 38.83, W 36.53, I 0.00, O 0.00)
PHY-1001 : top15 = 32.34(S 33.61, N 41.82, E 34.58, W 32.54, I 0.00, O 0.00)
OPT-1001 : End congestion update;  0.524469s wall, 0.687500s user + 0.031250s system = 0.718750s CPU (137.0%)

OPT-0007 : Iter 1: improved SWNS -4713 STNS -232683 NUM_FEPS 71 with 3 cells processed and 200 slack improved
OPT-0007 : Iter 2: improved SWNS -4713 STNS -232683 NUM_FEPS 71 with 0 cells processed and 0 slack improved
OPT-1001 : Overall commit ratio 1.00
OPT-1001 : End global optimization;  0.542367s wall, 0.703125s user + 0.046875s system = 0.750000s CPU (138.3%)

OPT-1001 : Current memory(MB): used = 296, reserved = 288, peak = 296.
OPT-1001 : End Stage 2.7.2 | Global Optimization; Time: 0.605890s wall, 0.765625s user + 0.046875s system = 0.812500s CPU (134.1%); Memory(MB): used = 296, reserved = 288, peak = 296;

OPT-0007 : End flow prepack: SWNS -4713 STNS -232683 NUM_FEPS 71
OPT-1001 : End physical optimization;  2.108233s wall, 4.562500s user + 0.250000s system = 4.812500s CPU (228.3%)

PHY-1001 : End Stage 2.7 | Optimize Design; Time: 2.108735s wall, 4.562500s user + 0.250000s system = 4.812500s CPU (228.2%); Memory(MB): used = 296, reserved = 288, peak = 296;

PHY-1001 : Stage 2.8 | Place Packing
PHY-1001 : Stage 2.8.1 | Packing
SYN-4007 : Packing 0 MUX to BLE ...
SYN-4008 : Packed 0 MUX and 0 SEQ to BLE.
SYN-4007 : Packing 3468 LUT to BLE ...
SYN-4008 : Packed 3468 LUT and 2076 SEQ to BLE.
SYN-4003 : Packing 1579 remaining SEQ's ...
SYN-4005 : Packed 864 SEQ with LUT/SLICE
SYN-4006 : 557 single LUT's are left
SYN-4006 : 715 single SEQ's are left
SYN-4011 : Packing model "Mujica_top" (AL_USER_NORMAL) with 4183/4606 primitive instances ...
PHY-1001 : Populate physical database on model Mujica_top.
RUN-1001 : There are total 2733 instances
RUN-1001 : 1314 mslices, 1315 lslices, 77 pads, 12 brams, 0 dsps
RUN-1001 : There are total 6267 nets
RUN-1001 : 3837 nets have 2 pins
RUN-1001 : 1674 nets have [3 - 5] pins
RUN-1001 : 415 nets have [6 - 10] pins
RUN-1001 : 208 nets have [11 - 20] pins
RUN-1001 : 125 nets have [21 - 99] pins
RUN-1001 : 8 nets have 100+ pins
PHY-3001 : Target density is 33%
RUN-1002 : start command "start_timer"
USR-6001 WARNING: No ports matched 'get_ports clk_50'
RUN-1101 : create_clock: defined a virtual clock: clk_in.
USR-1002 : Derived clock:  create_generated_clock -name {bmp_wrapper_inst/eth_control_inst/clk_rx_pll/pll_inst.clkc[0]} -source [get_ports {phy1_rgmii_rx_clk}] -master_clock {phy1_rgmii_rx_clk} -multiply_by 1.0000 -duty_cycle 50.0000 [get_pins {bmp_wrapper_inst/eth_control_inst/clk_rx_pll/pll_inst.clkc[0]}]
USR-1002 : Derived clock:  create_generated_clock -name {bmp_wrapper_inst/eth_control_inst/clk_rx_pll/pll_inst.clkc[1]} -source [get_ports {phy1_rgmii_rx_clk}] -master_clock {phy1_rgmii_rx_clk} -multiply_by 1.0000 -duty_cycle 50.0000 [get_pins {bmp_wrapper_inst/eth_control_inst/clk_rx_pll/pll_inst.clkc[1]}]
USR-6001 WARNING: No pins matched 'get_pins u_clk_gen/u_pll_0/pll_inst.clkc[1]'
USR-6001 WARNING: No nets matched 'get_nets udp_clk'
USR-8108 CRITICAL-WARNING: create_generated_clock: cannot define a generated clock without targets.
USR-8159 CRITICAL-WARNING: Command create_generated_clock -name {udp_clk_125m} -source [get_pins {u_clk_gen/u_pll_0/pll_inst.clkc[1]}] -master_clock {pll_inst_125M_1} -divide_by 1.000 -phase 0.000 -add [get_nets {udp_clk}] in C:/Users/softf/Desktop/MAIN/Mujica.sdc(10) fails.
USR-6001 WARNING: No ports matched 'get_ports clk'
RUN-1101 : create_clock: defined a virtual clock: clk.
USR-6136 CRITICAL-WARNING: 'derive_pll_clocks' is obsolete. Please use 'derive_clocks' instead, which handles more types of clock deriving resources. 
Launching timing wizard will update this command automatically.
USR-6001 WARNING: No ports matched 'get_ports clk'
USR-6001 WARNING: No pins matched 'get_pins sys_pll_m0/pll_inst.clkc[0]'
USR-8124 CRITICAL-WARNING: Rename_clock: please specify object list.
USR-8159 CRITICAL-WARNING: Command rename_clock -name {sd_card_clk} -source [get_ports {clk}] -master_clock {clk} [get_pins {sys_pll_m0/pll_inst.clkc[0]}] in C:/Users/softf/Desktop/MAIN/top.sdc(23) fails.
USR-6001 WARNING: No ports matched 'get_ports clk'
USR-6001 WARNING: No pins matched 'get_pins sys_pll_m0/pll_inst.clkc[1]'
USR-8124 CRITICAL-WARNING: Rename_clock: please specify object list.
USR-8159 CRITICAL-WARNING: Command rename_clock -name {ext_mem_clk} -source [get_ports {clk}] -master_clock {clk} [get_pins {sys_pll_m0/pll_inst.clkc[1]}] in C:/Users/softf/Desktop/MAIN/top.sdc(24) fails.
USR-6001 WARNING: No ports matched 'get_ports clk'
USR-6001 WARNING: No pins matched 'get_pins video_pll_m0/pll_inst.clkc[0]'
USR-8124 CRITICAL-WARNING: Rename_clock: please specify object list.
USR-8159 CRITICAL-WARNING: Command rename_clock -name {video_clk} -source [get_ports {clk}] -master_clock {clk} [get_pins {video_pll_m0/pll_inst.clkc[0]}] in C:/Users/softf/Desktop/MAIN/top.sdc(25) fails.
USR-1002 : Derived clock:  create_generated_clock -name {bmp_wrapper_inst/eth_control_inst/clk_eth_gen/u_pll_0/pll_inst.clkc[0]} -source [get_pins {bmp_wrapper_inst/eth_control_inst/clk_eth_gen/u_pll_0/pll_inst.refclk}] -master_clock {bmp_wrapper_inst/eth_control_inst/clk_eth_gen/u_pll_0/pll_inst.refclk} -multiply_by 2.5000 -duty_cycle 50.0000 [get_pins {bmp_wrapper_inst/eth_control_inst/clk_eth_gen/u_pll_0/pll_inst.clkc[0]}]
USR-1002 : Derived clock:  create_generated_clock -name {bmp_wrapper_inst/eth_control_inst/clk_eth_gen/u_pll_0/pll_inst.clkc[1]} -source [get_pins {bmp_wrapper_inst/eth_control_inst/clk_eth_gen/u_pll_0/pll_inst.refclk}] -master_clock {bmp_wrapper_inst/eth_control_inst/clk_eth_gen/u_pll_0/pll_inst.refclk} -multiply_by 2.5000 -duty_cycle 50.0000 [get_pins {bmp_wrapper_inst/eth_control_inst/clk_eth_gen/u_pll_0/pll_inst.clkc[1]}]
USR-1002 : Derived clock:  create_generated_clock -name {bmp_wrapper_inst/eth_control_inst/clk_eth_gen/u_pll_0/pll_inst.clkc[4]} -source [get_pins {bmp_wrapper_inst/eth_control_inst/clk_eth_gen/u_pll_0/pll_inst.refclk}] -master_clock {bmp_wrapper_inst/eth_control_inst/clk_eth_gen/u_pll_0/pll_inst.refclk} -multiply_by 2.5000 -phase 90 -duty_cycle 50.0000 [get_pins {bmp_wrapper_inst/eth_control_inst/clk_eth_gen/u_pll_0/pll_inst.clkc[4]}]
USR-1002 : Derived clock:  create_generated_clock -name {bmp_wrapper_inst/your_top_inst/sys_pll_m0/pll_inst.clkc[0]} -source [get_pins {bmp_wrapper_inst/your_top_inst/sys_pll_m0/pll_inst.refclk}] -master_clock {bmp_wrapper_inst/your_top_inst/sys_pll_m0/pll_inst.refclk} -multiply_by 2.0000 -duty_cycle 50.0000 [get_pins {bmp_wrapper_inst/your_top_inst/sys_pll_m0/pll_inst.clkc[0]}]
USR-1002 : Derived clock:  create_generated_clock -name {bmp_wrapper_inst/your_top_inst/sys_pll_m0/pll_inst.clkc[1]} -source [get_pins {bmp_wrapper_inst/your_top_inst/sys_pll_m0/pll_inst.refclk}] -master_clock {bmp_wrapper_inst/your_top_inst/sys_pll_m0/pll_inst.refclk} -multiply_by 2.5000 -duty_cycle 50.0000 [get_pins {bmp_wrapper_inst/your_top_inst/sys_pll_m0/pll_inst.clkc[1]}]
USR-1002 : Derived clock:  create_generated_clock -name {bmp_wrapper_inst/your_top_inst/sys_pll_m0/pll_inst.clkc[2]} -source [get_pins {bmp_wrapper_inst/your_top_inst/sys_pll_m0/pll_inst.refclk}] -master_clock {bmp_wrapper_inst/your_top_inst/sys_pll_m0/pll_inst.refclk} -multiply_by 2.5000 -phase 180 -duty_cycle 50.0000 [get_pins {bmp_wrapper_inst/your_top_inst/sys_pll_m0/pll_inst.clkc[2]}]
USR-8130 CRITICAL-WARNING: No clock match the pattern: u_clk_gen/u_pll_0/pll_inst.clkc\[0\].
USR-8124 CRITICAL-WARNING: Rename_clock: please specify object list.
USR-8159 CRITICAL-WARNING: Command rename_clock -name {pll_inst_125M_0} [get_clocks {u_clk_gen/u_pll_0/pll_inst.clkc[0]}] in C:/Users/softf/Desktop/MAIN/Mujica.sdc(5) fails.
USR-8130 CRITICAL-WARNING: No clock match the pattern: u_clk_gen/u_pll_0/pll_inst.clkc\[1\].
USR-8124 CRITICAL-WARNING: Rename_clock: please specify object list.
USR-8159 CRITICAL-WARNING: Command rename_clock -name {pll_inst_125M_1} [get_clocks {u_clk_gen/u_pll_0/pll_inst.clkc[1]}] in C:/Users/softf/Desktop/MAIN/Mujica.sdc(6) fails.
USR-8130 CRITICAL-WARNING: No clock match the pattern: u_clk_gen/u_pll_0/pll_inst.clkc\[3\].
USR-8124 CRITICAL-WARNING: Rename_clock: please specify object list.
USR-8159 CRITICAL-WARNING: Command rename_clock -name {pll_inst_25M} [get_clocks {u_clk_gen/u_pll_0/pll_inst.clkc[3]}] in C:/Users/softf/Desktop/MAIN/Mujica.sdc(8) fails.
USR-8130 CRITICAL-WARNING: No clock match the pattern: udp_clk_125m.
USR-8208 CRITICAL-WARNING: Clock group is empty.
USR-8159 CRITICAL-WARNING: Command set_clock_groups -exclusive -group [get_clocks {udp_clk_125m}] in C:/Users/softf/Desktop/MAIN/Mujica.sdc(13) fails.
USR-6136 CRITICAL-WARNING: 'derive_pll_clocks' is obsolete. Please use 'derive_clocks' instead, which handles more types of clock deriving resources. 
Launching timing wizard will update this command automatically.
PHY-1001 : End Stage 2.8.1 | Packing; Time: 1.063495s wall, 1.000000s user + 0.046875s system = 1.046875s CPU (98.4%); Memory(MB): used = 308, reserved = 300, peak = 308;

PHY-1001 : Stage 2.8.2 | Post Pack GP
PHY-3001 : Target density is 32%
PHY-3001 : Cell area utilization is 32%
PHY-3001 : After packing: Len = 223359, Over = 145.25
PHY-3001 : Target density is 70%
PHY-1001 : Stage 2.8.2.1 | Update Timing
PHY-1001 : SWNS: -4713, STNS: -232683, FEP: 71
PHY-1001 : End Stage 2.8.2.1 | Update Timing; Time: 0.023734s wall, 0.015625s user + 0.000000s system = 0.015625s CPU (65.8%); Memory(MB): used = 310, reserved = 302, peak = 310;

PHY-1001 : Stage 2.8.2.2 | GP Iteration
PHY-1001 : End Stage 2.8.2.2 | GP Iteration; Time: 0.717249s wall, 4.093750s user + 0.281250s system = 4.375000s CPU (610.0%); Memory(MB): used = 310, reserved = 302, peak = 310;

PHY-3001 : Multithread accelerating rate: 6.09
PHY-1001 : End Stage 2.8.2 | Post Pack GP; Time: 0.748022s wall, 4.109375s user + 0.281250s system = 4.390625s CPU (587.0%); Memory(MB): used = 310, reserved = 302, peak = 310;

PHY-1001 : End Stage 2.8 | Place Packing; Time: 1.811669s wall, 5.109375s user + 0.328125s system = 5.437500s CPU (300.1%); Memory(MB): used = 310, reserved = 302, peak = 310;

PHY-1001 : Stage 2.9 | Legalization
PHY-3001 : Before Legalized: Len = 232563
PHY-3001 : After Legalized: Len = 264610, Over = 0
PHY-1001 : End Stage 2.9 | Legalization; Time: 0.009876s wall, 0.015625s user + 0.000000s system = 0.015625s CPU (158.2%); Memory(MB): used = 310, reserved = 302, peak = 310;

PHY-1001 : Stage 2.10 | Global Placement Step 3
PHY-3001 : Target density is 70%
PHY-1001 : Stage 2.10.1 | Update Timing
PHY-1001 : SWNS: -4713, STNS: -232683, FEP: 71
PHY-1001 : End Stage 2.10.1 | Update Timing; Time: 0.226140s wall, 0.218750s user + 0.015625s system = 0.234375s CPU (103.6%); Memory(MB): used = 310, reserved = 302, peak = 310;

PHY-1001 : Stage 2.10.2 | GP Iteration
PHY-1001 : End Stage 2.10.2 | GP Iteration; Time: 0.259906s wall, 1.234375s user + 0.015625s system = 1.250000s CPU (480.9%); Memory(MB): used = 310, reserved = 302, peak = 310;

PHY-3001 : Multithread accelerating rate: 4.78
PHY-1001 : End Stage 2.10 | Global Placement Step 3; Time: 0.490301s wall, 1.453125s user + 0.031250s system = 1.484375s CPU (302.7%); Memory(MB): used = 310, reserved = 302, peak = 310;

PHY-1001 : Stage 2.11 | Final Legalization
PHY-3001 : Before Legalized: Len = 230132
PHY-3001 : After Legalized: Len = 245047, Over = 0
PHY-1001 : End Stage 2.11 | Final Legalization; Time: 0.010153s wall, 0.000000s user + 0.000000s system = 0.000000s CPU (n/a%); Memory(MB): used = 310, reserved = 302, peak = 310;

PHY-1001 : End Stage 2 | Global Placement; Time: 9.912325s wall, 33.375000s user + 4.812500s system = 38.187500s CPU (385.3%); Memory(MB): used = 310, reserved = 302, peak = 310;

PHY-1001 : Stage 3 | Detailed Placement
PHY-1001 : Stage 3.1 | SLICE Detailed Placement
PHY-1001 : Stage 3.1.1 | Spreading
PHY-3001 : Spreading special nets. 38 overflows in 2952 tiles.
PHY-3001 : End spreading;  0.009055s wall, 0.015625s user + 0.000000s system = 0.015625s CPU (172.6%)

PHY-1001 : End Stage 3.1.1 | Spreading; Time: 0.009144s wall, 0.015625s user + 0.000000s system = 0.015625s CPU (170.9%); Memory(MB): used = 311, reserved = 303, peak = 311;

PHY-3001 : Final: Len = 246111, Over = 0
PHY-1001 : End Stage 3.1 | SLICE Detailed Placement; Time: 0.369428s wall, 0.359375s user + 0.000000s system = 0.359375s CPU (97.3%); Memory(MB): used = 311, reserved = 303, peak = 311;

PHY-3001 : End Detailed Place; 
PHY-1001 : Stage 3.2 | Optimize Design
OPT-1001 : Start physical optimization ...
OPT-1001 : Total overflow 0.00 peak overflow 0.00
OPT-1001 : Stage 3.2.1 | Physical Optimization
OPT-1001 : Start high-fanout net optimization in optimize equivalent flow with medium effort ...
OPT-1001 : Clean unloaded insts before merging registers
PHY-1001 : Populate physical database on model Mujica_top.
PHY-1001 : Populate physical database on model Mujica_top.
OPT-1001 : Total overflow 0.00 peak overflow 0.00
OPT-1001 : End optimize duplicated nets. Total 78 instances are merged and 989 sinks are reconnected,  0.184326s wall, 0.187500s user + 0.000000s system = 0.187500s CPU (101.7%)

OPT-1001 : End high-fanout net optimization;  0.184776s wall, 0.187500s user + 0.000000s system = 0.187500s CPU (101.5%)

OPT-1001 : Update timing in Manhattan mode
RUN-1002 : start command "start_timer"
OPT-1001 : End timing update;  1.101182s wall, 1.046875s user + 0.015625s system = 1.062500s CPU (96.5%)

OPT-1001 : Current memory(MB): used = 311, reserved = 303, peak = 311.
OPT-1001 : End Stage 3.2.1 | Physical Optimization; Time: 1.330785s wall, 1.281250s user + 0.015625s system = 1.296875s CPU (97.5%); Memory(MB): used = 311, reserved = 303, peak = 311;

OPT-1001 : Stage 3.2.2 | Synthesize High-fanout Net
OPT-1001 : Start high-fanout net optimization in post-pack flow with medium effort ...
OPT-1001 : Start: SWNS -4713 STNS -232683 NUM_FEPS 71
OPT-1001 : Total overflow 0.00 peak overflow 0.00
PHY-1001 : Populate physical database on model Mujica_top.
OPT-1001 : 10 high-fanout net processed.
OPT-1001 : Total overflow 0.00 peak overflow 0.00
RUN-1001 : HFN opt statistic
RUN-1001 : ------------------------------------------------------
RUN-1001 :   DriverCell type  |  HFN count  |  Duplicated count  
RUN-1001 : ------------------------------------------------------
RUN-1001 :       LSLICE       |      0      |         0          
RUN-1001 :       MSLICE       |      0      |         0          
RUN-1001 :        OTHER       |     10      |         30         
RUN-1001 :        TOTAL       |     10      |         30         
RUN-1001 : ------------------------------------------------------
OPT-1001 : End high-fanout net optimization;  0.291150s wall, 0.359375s user + 0.000000s system = 0.359375s CPU (123.4%)

OPT-1001 : Current memory(MB): used = 311, reserved = 303, peak = 311.
OPT-1001 : End Stage 3.2.2 | Synthesize High-fanout Net; Time: 0.328415s wall, 0.390625s user + 0.000000s system = 0.390625s CPU (118.9%); Memory(MB): used = 311, reserved = 303, peak = 311;

OPT-1001 : Stage 3.2.3 | Optimize Path
OPT-1001 : Start path based optimization ...
OPT-0007 : Start: SWNS -4713 STNS -232683 NUM_FEPS 71 with mode 0
OPT-1001 : Start congestion update ...
RUN-1001 : Generating global routing grids ...
PHY-1001 : Generate routing nets ...
PHY-1001 : Reuse net number 89/5620.
PHY-1001 : Global iterations in 32 thread ...
PHY-1002 : len = 282552, over cnt = 818(2%), over = 1425, worst = 8
PHY-1002 : len = 292232, over cnt = 420(1%), over = 583, worst = 7
PHY-1002 : len = 296112, over cnt = 198(0%), over = 296, worst = 5
PHY-1002 : len = 299816, over cnt = 6(0%), over = 7, worst = 2
PHY-1002 : len = 299896, over cnt = 0(0%), over = 0, worst = 0
PHY-1001 : End global iterations;  0.476271s wall, 0.593750s user + 0.000000s system = 0.593750s CPU (124.7%)

PHY-1001 : Congestion index:
PHY-1001 : top1  = 44.27(S 54.48, N 59.57, E 51.01, W 50.43, I 0.00, O 0.00)
PHY-1001 : top5  = 36.90(S 43.08, N 50.66, E 40.68, W 40.37, I 0.00, O 0.00)
PHY-1001 : top10 = 32.99(S 36.33, N 44.67, E 35.38, W 34.77, I 0.00, O 0.00)
PHY-1001 : top15 = 30.29(S 32.11, N 40.55, E 32.04, W 31.18, I 0.00, O 0.00)
OPT-1001 : End congestion update;  0.572028s wall, 0.687500s user + 0.000000s system = 0.687500s CPU (120.2%)

PHY-3001 : Start incremental legalization ...
PHY-1001 : Populate physical database on model Mujica_top.
PHY-7002 CRITICAL-WARNING: Instance bmp_wrapper_inst/your_top_inst/U3/sdram location (12, 12) is not honored. Cell's initial location is not legal at the beginning of ECO placement, and will be moved during placement. Please verify user location constraints through the adc file.
PHY-3001 : Target density is 70%
PHY-3001 : Target density is 70%
PHY-3001 : Initial: Len = 244911, Over = 0
PHY-3001 : End spreading;  0.008999s wall, 0.015625s user + 0.000000s system = 0.015625s CPU (173.6%)

PHY-3001 : Final: Len = 244911, Over = 0
PHY-3001 : End incremental legalization;  0.066326s wall, 0.109375s user + 0.015625s system = 0.125000s CPU (188.5%)

OPT-0007 : Iter 1: improved SWNS -4713 STNS -232683 NUM_FEPS 71 with 8(1168) cells and 589(589) paths processed with 1831 slack improved, crit_thod: 2577 ratio: 1.00(8/8) rt: 0.2s
OPT-0007 : Iter 2: improved SWNS -4713 STNS -232683 NUM_FEPS 71 with 0(0) cells and 0(0) paths processed with 0 slack improved, crit_thod: 2581 ratio: -1.00(0/0) rt: 0.0s
OPT-1001 : End path based optimization;  0.734313s wall, 1.031250s user + 0.015625s system = 1.046875s CPU (142.6%)

OPT-1001 : Update timing in Manhattan mode
OPT-1001 : End timing update;  0.224208s wall, 0.218750s user + 0.000000s system = 0.218750s CPU (97.6%)

OPT-1001 : Current memory(MB): used = 320, reserved = 312, peak = 320.
OPT-1001 : End Stage 3.2.3 | Optimize Path; Time: 0.980884s wall, 1.281250s user + 0.015625s system = 1.296875s CPU (132.2%); Memory(MB): used = 320, reserved = 312, peak = 320;

OPT-1001 : Stage 3.2.4 | Optimize Duplicated Nets
OPT-1001 : Start: WNS -4713 TNS -232683 NUM_FEPS 71
OPT-1001 : Clean unloaded insts before merging registers
PHY-1001 : Populate physical database on model Mujica_top.
PHY-1001 : Populate physical database on model Mujica_top.
OPT-1001 : Total overflow 0.00 peak overflow 0.00
OPT-1001 : End optimize duplicated nets. Total 8 instances are merged and 521 sinks are reconnected,  0.092925s wall, 0.156250s user + 0.046875s system = 0.203125s CPU (218.6%)

OPT-1001 : Update timing in Manhattan mode
RUN-1002 : start command "start_timer"
OPT-1001 : End timing update;  0.503892s wall, 0.500000s user + 0.000000s system = 0.500000s CPU (99.2%)

OPT-1001 : Current memory(MB): used = 321, reserved = 312, peak = 321.
OPT-1001 : End Stage 3.2.4 | Optimize Duplicated Nets; Time: 0.622749s wall, 0.671875s user + 0.046875s system = 0.718750s CPU (115.4%); Memory(MB): used = 321, reserved = 312, peak = 321;

OPT-1001 : Stage 3.2.5 | Swap Pins
OPT-1001 : Start pin optimization...
OPT-1001 : skip pin optimization...
OPT-1001 : Current memory(MB): used = 321, reserved = 312, peak = 321.
OPT-1001 : End Stage 3.2.5 | Swap Pins; Time: 0.026445s wall, 0.031250s user + 0.000000s system = 0.031250s CPU (118.2%); Memory(MB): used = 321, reserved = 312, peak = 321;

OPT-0007 : End flow postpack: SWNS -4713 STNS -232683 NUM_FEPS 71
RUN-1001 : Generating global routing grids ...
PHY-1001 : Generate routing nets ...
PHY-1001 : Reuse net number 5589/5610.
PHY-1001 : Global iterations in 32 thread ...
PHY-1002 : len = 297640, over cnt = 42(0%), over = 42, worst = 1
PHY-1002 : len = 297704, over cnt = 27(0%), over = 27, worst = 1
PHY-1002 : len = 297904, over cnt = 1(0%), over = 1, worst = 1
PHY-1002 : len = 297928, over cnt = 0(0%), over = 0, worst = 0
PHY-1001 : End global iterations;  0.044530s wall, 0.062500s user + 0.000000s system = 0.062500s CPU (140.4%)

PHY-1001 : Congestion index:
PHY-1001 : top1  = 44.50(S 53.97, N 59.48, E 50.50, W 49.91, I 0.00, O 0.00)
PHY-1001 : top5  = 36.63(S 42.81, N 50.19, E 40.48, W 39.90, I 0.00, O 0.00)
PHY-1001 : top10 = 32.73(S 36.20, N 44.31, E 35.19, W 34.41, I 0.00, O 0.00)
PHY-1001 : top15 = 30.09(S 32.00, N 40.25, E 31.79, W 30.87, I 0.00, O 0.00)
RUN-1001 : QoR Analysis:
OPT-0007 :   SWNS -4713 STNS -232683 NUM_FEPS 71
RUN-1001 :   No local congestion issue, and most congested 1% tile average routing util is 43.965517
RUN-1001 :   Top critical paths
RUN-1001 :       #1 path slack -4713ps with logic level 1 and starts from PAD
RUN-1001 :       #2 path slack -4713ps with logic level 1 and starts from PAD
RUN-1001 :       #3 path slack -4713ps with logic level 1 and starts from PAD
RUN-1001 :       #4 path slack -4713ps with logic level 1 and starts from PAD
RUN-1001 :       #5 path slack -4713ps with logic level 1 and starts from PAD
RUN-1001 :       #6 path slack -4713ps with logic level 1 and starts from PAD
RUN-1001 :       #7 path slack -4713ps with logic level 1 and starts from PAD
RUN-1001 :       #8 path slack -4713ps with logic level 1 and starts from PAD
RUN-1001 :       #9 path slack -4713ps with logic level 1 and starts from PAD
RUN-1001 :       #10 path slack -4713ps with logic level 1 and starts from PAD
RUN-1001 :   0 HFN exist on timing critical paths out of 6216 nets
RUN-1001 :   0 long nets exist on timing critical paths out of 6216 nets
OPT-1001 : End physical optimization;  3.442020s wall, 3.828125s user + 0.078125s system = 3.906250s CPU (113.5%)

PHY-1001 : End Stage 3.2 | Optimize Design; Time: 3.442153s wall, 3.828125s user + 0.078125s system = 3.906250s CPU (113.5%); Memory(MB): used = 321, reserved = 312, peak = 321;

PHY-1001 : End Stage 3 | Detailed Placement; Time: 3.824830s wall, 4.203125s user + 0.078125s system = 4.281250s CPU (111.9%); Memory(MB): used = 321, reserved = 312, peak = 321;

PHY-1001 : Stage 4 | Optimize Design
PHY-3001 : Start incremental legalization ...
PHY-1001 : Populate physical database on model Mujica_top.
PHY-7002 CRITICAL-WARNING: Instance bmp_wrapper_inst/your_top_inst/U3/sdram location (164, 288) is not honored. Cell's initial location is not legal at the beginning of ECO placement, and will be moved during placement. Please verify user location constraints through the adc file.
PHY-3001 : Target density is 70%
PHY-3001 : Target density is 70%
PHY-3001 : Initial: Len = 243372, Over = 0
PHY-1001 : Stage 4.1 | Spreading
PHY-3001 : End spreading;  0.008921s wall, 0.015625s user + 0.000000s system = 0.015625s CPU (175.1%)

PHY-1001 : End Stage 4.1 | Spreading; Time: 0.009009s wall, 0.015625s user + 0.000000s system = 0.015625s CPU (173.4%); Memory(MB): used = 321, reserved = 312, peak = 321;

PHY-3001 : Final: Len = 243372, Over = 0
PHY-3001 : End incremental legalization;  0.058461s wall, 0.125000s user + 0.031250s system = 0.156250s CPU (267.3%)

RUN-1002 : start command "report_qor -step place -file place.qor"
RUN-1002 : start command "start_timer"
RUN-1001 : Generating global routing grids ...
-----------------------------------------------------------
| QoR metrics               |         value               |
-----------------------------------------------------------
| Timing                    |                             |
|     Setup WNS             |        -4713                |
|     Setup TNS             |      -232683                |
|     Num of violated S-EP  |           71                |
|     FMAX                  |    78.660MHz                |
|     SWNS path clock period |       8000ps                |
|     Hold WNS              |          -14                |
|     Hold TNS              |          -14                |
|     Num of violated H-EP  |            1                |
-----------------------------------------------------------
| Routing Resource          |                             |
|     Wire length           |       242201                |
-----------------------------------------------------------
| Utilization               |                             |
|     #slices               |         2643                |
|     slices percentage     |       26.97%                |
|     #RAMs                 |           12                |
|     #DSPs                 |            0                |
|     #DRAMHARDCON          |            0                |
-----------------------------------------------------------
| Congestion                |                             |
|     Top 1% tile util      |           41                |
|     Top 1% tile avg util  |       43.97%                |
|     Over 100% util #tile  |            0                |
-----------------------------------------------------------
Report place stage QoR done.

PHY-1001 : End Stage 4 | Optimize Design; Time: 0.624706s wall, 0.687500s user + 0.031250s system = 0.718750s CPU (115.1%); Memory(MB): used = 321, reserved = 312, peak = 321;

PHY-1001 : Stage 5 | DRC Check
PHY-1001 : Stage 5.1 | Force Route Constraint Check
PHY-1001 : Check Pass.
PHY-1001 : End Stage 5.1 | Force Route Constraint Check; Time: 0.000464s wall, 0.000000s user + 0.000000s system = 0.000000s CPU (n/a%); Memory(MB): used = 321, reserved = 312, peak = 321;

PHY-1001 : Stage 5.2 | Duplicated SelfDriven Check
PHY-1001 : Check pass.
PHY-1001 : End Stage 5.2 | Duplicated SelfDriven Check; Time: 0.005184s wall, 0.000000s user + 0.000000s system = 0.000000s CPU (n/a%); Memory(MB): used = 321, reserved = 312, peak = 321;

PHY-1001 : Stage 5.3 | Clock Rule Check
PHY-1001 : End Stage 5.3 | Clock Rule Check; Time: 0.000100s wall, 0.000000s user + 0.000000s system = 0.000000s CPU (n/a%); Memory(MB): used = 321, reserved = 312, peak = 321;

PHY-1001 : End Stage 5 | DRC Check; Time: 0.014793s wall, 0.015625s user + 0.000000s system = 0.015625s CPU (105.6%); Memory(MB): used = 321, reserved = 312, peak = 321;

OPT-1001 : QoR tracer report on placement steps:
    SWNS [   incr ]     STNS [    incr ]    FEPS [   incr ]    CRIT [   incr ]      CELL [     incr ]        WL [     incr ]    CONG [   incr ]    PDES [   incr ]   RT(s) [   incr ]   MEM(mb) [     incr ]
       0 [      0 ]        0 [       0 ]       0 [      0 ]       0 [      0 ]      7527 [        0 ]         0 [        0 ]    0.00 [   0.00 ]       0 [      0 ]       0 [      0 ]       176 [        0 ] : preplace:simplify_lut
       0 [      0 ]        0 [       0 ]       0 [      0 ]       0 [      0 ]      7407 [     -120 ]         0 [        0 ]    0.00 [   0.00 ]       0 [      0 ]       0 [      0 ]       176 [        0 ] : preplace:sweep
       0 [      0 ]        0 [       0 ]       0 [      0 ]       0 [      0 ]      7407 [        0 ]         0 [        0 ]    0.00 [   0.00 ]       0 [      0 ]       0 [      0 ]       176 [        0 ] : preplace:hfn_opt
   -4713 [  -4713 ]  -233099 [ -233099 ]      72 [     72 ]    3266 [   3266 ]      7411 [        4 ]    224988 [   224988 ]    0.00 [   0.00 ]       0 [      0 ]       3 [      3 ]       264 [       88 ] : step1_gp
   -4713 [      0 ]  -233099 [       0 ]      72 [      0 ]    3266 [      0 ]      7411 [        0 ]    225682 [      694 ]    0.00 [   0.00 ]       0 [      0 ]       3 [      0 ]       264 [        0 ] : step1_legal
   -4713 [      0 ]  -232699 [     400 ]      72 [      0 ]    3008 [   -258 ]      7411 [        0 ]    220934 [    -4748 ]    0.00 [   0.00 ]       0 [      0 ]       5 [      2 ]       267 [        3 ] : step2_gp
   -4713 [      0 ]  -232683 [      16 ]      71 [     -1 ]    3105 [     97 ]      7546 [      135 ]    217874 [    -3060 ]    0.00 [   0.00 ]       0 [      0 ]       7 [      2 ]       270 [        3 ] : prepack:hfn_opt
   -4713 [      0 ]  -232683 [       0 ]      71 [      0 ]    3108 [      3 ]      7546 [        0 ]    217899 [       25 ]   49.03 [  49.03 ]       0 [      0 ]       7 [      0 ]       296 [       26 ] : prepack:global_opt
   -4713 [      0 ]  -232683 [       0 ]      71 [      0 ]    2828 [   -280 ]      2733 [    -4813 ]    222178 [     4279 ]   49.03 [   0.00 ]       0 [      0 ]       8 [      1 ]       308 [       12 ] : pack
   -4713 [      0 ]  -232683 [       0 ]      71 [      0 ]    2980 [    152 ]      2733 [        0 ]    243867 [    21689 ]   49.03 [   0.00 ]       0 [      0 ]      10 [      2 ]       311 [        3 ] : post_pack_place
   -4713 [      0 ]  -232683 [       0 ]      71 [      0 ]    2979 [     -1 ]      2733 [        0 ]    244931 [     1064 ]   49.03 [   0.00 ]       0 [      0 ]      10 [      0 ]       311 [        0 ] : post_pack_spreading
   -4713 [      0 ]  -232683 [       0 ]      71 [      0 ]    2982 [      3 ]      2723 [      -10 ]    239249 [    -5682 ]   49.03 [   0.00 ]       0 [      0 ]      11 [      1 ]       311 [        0 ] : postpack:optimize_equivalent_quick
   -4713 [      0 ]  -232683 [       0 ]      71 [      0 ]    2967 [    -15 ]      2753 [       30 ]    243629 [     4380 ]   49.03 [   0.00 ]       0 [      0 ]      12 [      1 ]       311 [        0 ] : postpack:hfn_opt
   -4713 [      0 ]  -232683 [       0 ]      71 [      0 ]    2972 [      5 ]      2753 [        0 ]    243739 [      110 ]   43.79 [  -5.24 ]       0 [      0 ]      13 [      1 ]       320 [        9 ] : postpack:path_opt
   -4713 [      0 ]  -232683 [       0 ]      71 [      0 ]    2978 [      6 ]      2747 [       -6 ]    242201 [    -1538 ]   43.79 [   0.00 ]       0 [      0 ]      13 [      0 ]       321 [        1 ] : postpack:optimize_equivalent
   -4713 [      0 ]  -232683 [       0 ]      71 [      0 ]    2978 [      0 ]      2747 [        0 ]    242201 [        0 ]   43.79 [   0.00 ]       0 [      0 ]      13 [      0 ]       321 [        0 ] : postpack:pin_opt

RUN-1003 : finish command "place" in  14.658593s wall, 38.562500s user + 4.921875s system = 43.484375s CPU (296.6%)

RUN-1004 : used memory is 321 MB, reserved memory is 312 MB, peak memory is 321 MB
RUN-1002 : start command "update_timing -mode manhattan"
RUN-1002 : start command "start_timer"
RUN-1002 : start command "report_timing_summary -file pic_sdram_place.timing"
RUN-1002 : start command "report_area -io_info -file pic_sdram_phy.area"
RUN-1001 : standard
***Report Model: Mujica_top Device: EG4S20BG256***

IO Statistics
#IO                        22   out of    188   11.70%
  #input                   13
  #output                   9
  #inout                    0
#virtual IO                 3
  #input                    0
  #output                   0
  #inout                    0

Utilization Statistics
#lut                     4264   out of  19600   21.76%
#reg                     3724   out of  19600   19.00%
#le                      4955
  #lut only              1231   out of   4955   24.84%
  #reg only               691   out of   4955   13.95%
  #lut&reg               3033   out of   4955   61.21%
#bram                      12   out of     64   18.75%
  #bram9k                  12
  #fifo9k                   0
#bram32k                    0   out of     16    0.00%
#dsp                        0   out of     29    0.00%
#pad                       22   out of    188   11.70%
  #ireg                     5
  #oreg                     9
  #treg                     0
#pll                        3   out of      4   75.00%
#gclk                       8   out of     16   50.00%

RUN-1002 : start command "flow_status -file place_flow.status"
Location         : C:\Users\softf\Desktop\MAIN\pic_sdram_Runs\phy_1
Running with     : Tang Dynasty v6.2.168116
                   Copyright (c) 2012-2025 Anlogic Inc.
Top Model        : Mujica_top
Device           : EG4S20BG256
Speed            : NA

Timing Mode      : manhattan
Setup            : WNS -4713ps  TNS  -232683ps  NUM_FEPS    71
Hold             : WNS   -14ps  TNS      -14ps  NUM_FEPS     1

Flow Statistics  :
RUN-1001 : Flow Statistics:
RUN-1001 : --------------------------------------------------------------------------------------------------
RUN-1001 :      command     |  #calls  |  wall time  |  cpu time(s)  |  used memory(mb)  |  peak memory(mb)  
RUN-1001 : --------------------------------------------------------------------------------------------------
RUN-1001 :       place      |    1     |  14s(100%)  |   42(100%)    |        321        |        321        
RUN-1001 :     import_db    |    1     |   0s(0%)    |     0(0%)     |        174        |        174        
RUN-1001 :   import_device  |    1     |   0s(0%)    |     0(0%)     |        84         |        84         
RUN-1001 : --------------------------------------------------------------------------------------------------
RUN-1001 :       total      |    3     |     14s     |      42       |        321        |        321        
RUN-1001 : --------------------------------------------------------------------------------------------------
RUN-1002 : start command "report_clock_utilization -file place_clock_utilization.txt"
RUN-1001 : Device not support command report_clock_utilization.
RUN-1002 : start command "export_db pic_sdram_place.db"
RUN-1001 : Exported flow parameters
RUN-1001 : Exported /
RUN-1001 : Exported libs
RUN-1001 : Exported entities
RUN-1001 : Exported ports
RUN-1001 : Exported pins
RUN-1001 : Exported instances
RUN-1001 : Exported nets
RUN-1001 : Exported buses
RUN-1001 : Exported models
RUN-1001 : Exported phy database
RUN-1001 : Exported packer
RUN-1001 : Exported congestions
RUN-1001 : Exported violations
RUN-1001 : Exported ATMR Setting
RUN-1001 : Exported timing constraints
RUN-1001 : Exported IO constraints
RUN-1001 : Exported Inst constraints
RUN-1001 : Exported ChipWatcher
RUN-1002 : start command "commit_param -step route"
RUN-1001 : Print Global Property
RUN-1001 : --------------------------------------------------------
RUN-1001 :   Parameters   |  Settings  |  Default Values  |  Note  
RUN-1001 : --------------------------------------------------------
RUN-1001 :   enable_seed  |    off     |       off        |        
RUN-1001 :     message    |  standard  |     standard     |        
RUN-1001 :   qor_monitor  |     on     |        on        |        
RUN-1001 :   syn_ip_flow  |    off     |       off        |        
RUN-1001 :     thread     |    auto    |       auto       |        
RUN-1001 : --------------------------------------------------------
RUN-1001 : Print Route Property
RUN-1001 : -------------------------------------------------------
RUN-1001 :   Parameters  |  Settings  |  Default Values  |  Note  
RUN-1001 : -------------------------------------------------------
RUN-1001 :     effort    |   normal   |      normal      |        
RUN-1001 :    fix_hold   |     on     |        on        |        
RUN-1001 :     timing    |     on     |        on        |        
RUN-1001 : -------------------------------------------------------
RUN-1002 : start command "route"
RUN-1001 : Open license file D:/Anlogic/license/Anlogic.lic
PHY-1001 : Route runs in 32 thread(s)
RUN-1001 : There are total 2747 instances
RUN-1001 : 1316 mslices, 1327 lslices, 77 pads, 12 brams, 0 dsps
RUN-1001 : There are total 6216 nets
RUN-1001 : 3825 nets have 2 pins
RUN-1001 : 1663 nets have [3 - 5] pins
RUN-1001 : 421 nets have [6 - 10] pins
RUN-1001 : 173 nets have [11 - 20] pins
RUN-1001 : 125 nets have [21 - 99] pins
RUN-1001 : 9 nets have 100+ pins
RUN-1002 : start command "start_timer"
PHY-1001 : 1316 mslices, 1327 lslices, 77 pads, 12 brams, 0 dsps

PHY-1001 : Stage 1 | Global Routing
PHY-1001 : Start global routing, caller is route ...
RUN-1001 : Generating global routing grids ...
PHY-1001 : Generate routing nets ...
RUN-1001 : Generate nets statistics:
RUN-1001 : ----------------------------
RUN-1001 :        Type       |  Nets   
RUN-1001 : ----------------------------
RUN-1001 :   TotalRouteNets  |  5869   
RUN-1001 :   DontRouteNets   |   383   
RUN-1001 :     RouteNets     |  5486   
RUN-1001 :     RouteSinks    |  12770  
RUN-1001 : ----------------------------
PHY-1001 : Global iterations in 32 thread ...
PHY-1002 : len = 278632, over cnt = 805(2%), over = 1391, worst = 8
PHY-1002 : len = 287856, over cnt = 427(1%), over = 589, worst = 7
PHY-1002 : len = 293272, over cnt = 162(0%), over = 226, worst = 5
PHY-1002 : len = 295904, over cnt = 9(0%), over = 10, worst = 2
PHY-1002 : len = 296048, over cnt = 0(0%), over = 0, worst = 0
PHY-1001 : End global iterations;  0.452745s wall, 0.531250s user + 0.000000s system = 0.531250s CPU (117.3%)

PHY-1001 : Congestion index:
PHY-1001 : top1  = 44.40(S 54.05, N 58.97, E 50.47, W 50.26, I 0.00, O 0.00)
PHY-1001 : top5  = 36.63(S 42.36, N 50.09, E 40.18, W 39.90, I 0.00, O 0.00)
PHY-1001 : top10 = 32.57(S 35.79, N 44.09, E 35.01, W 34.38, I 0.00, O 0.00)
PHY-1001 : top15 = 29.92(S 31.63, N 39.95, E 31.56, W 30.82, I 0.00, O 0.00)
PHY-1001 : End global routing;  0.532068s wall, 0.609375s user + 0.000000s system = 0.609375s CPU (114.5%)

PHY-1001 : End Stage 1 | Global Routing; Time: 0.532121s wall, 0.609375s user + 0.000000s system = 0.609375s CPU (114.5%); Memory(MB): used = 339, reserved = 433, peak = 339;

PHY-1001 : Stage 2 | Detail Routing
PHY-1001 : Stage 2.1 | Build Routing Design
PHY-1001 : Routing in high effort: false
PHY-1001 : Routing Mode: normal
PHY-1001 : Generate detailed routing grids ...
PHY-1001 : End build routing graph; 3.179013s wall, 3.015625s user + 0.031250s system = 3.046875s CPU (95.8%)

PHY-1001 : Generate nets ...
PHY-1001 : net phy1_rgmii_rx_clk_dup_1 will be routed on clock mesh
PHY-1001 : net sys_clk_dup_1 will be routed on clock mesh
PHY-1001 : clock net bmp_wrapper_inst/eth_control_inst/clk_eth_gen/u_pll_0/clk0_out will be merged with clock bmp_wrapper_inst/eth_control_inst/clk_eth_gen/u_pll_0/clk0_buf
PHY-1001 : clock net bmp_wrapper_inst/eth_control_inst/clk_rx_pll/clk0_out will be merged with clock bmp_wrapper_inst/eth_control_inst/clk_rx_pll/clk0_buf
PHY-1001 : net bmp_wrapper_inst/eth_control_inst/trans_TEMAC/gtx_clk will be routed on clock mesh
PHY-1001 : clock net bmp_wrapper_inst/eth_control_inst/trans_TEMAC/rx_clk will be merged with clock bmp_wrapper_inst/eth_control_inst/trans_TEMAC/u1_rgmii_interface/rgmii_rxc
PHY-1001 : clock net return_idle_n_syn_3 will be merged with clock return_idle_n
PHY-1001 : clock net input_state_n1_syn_4 will be merged with clock input_state_n1
PHY-1001 : clock net input_state_n_syn_7 will be merged with clock input_state_n
PHY-1001 : clock net change_pic_n_syn_5 will be merged with clock change_pic_n
PHY-1001 : net bmp_wrapper_inst/eth_control_inst/trans_TEMAC/u1_rgmii_interface/rgmii_txc_ddr/clk will be routed on clock mesh
PHY-1001 : clock net bmp_wrapper_inst/your_top_inst/sd_card_bmp_m0/ax_debounce_m0/clk will be merged with clock bmp_wrapper_inst/your_top_inst/sys_pll_m0/clk0_buf
PHY-1001 : net bmp_wrapper_inst/your_top_inst/U3/u2_ram/u1_init_ref/Sdr_clk will be routed on clock mesh
PHY-1001 : net bmp_wrapper_inst/your_top_inst/U3/u2_ram/SDRAM_CLK will be routed on clock mesh
RUN-1001 : Generate nets statistics:
RUN-1001 : ------------------------------
RUN-1001 :         Type        |  Nets   
RUN-1001 : ------------------------------
RUN-1001 :        Route        |  5869   
RUN-1001 :      DontRoute      |   347   
RUN-1001 :      RouteSinks     |  20593  
RUN-1001 :   RouteEntitySinks  |    0    
RUN-1001 :       Lut2Dff       |    0    
RUN-1001 :       Ram2Dff       |    0    
RUN-1001 :      Carry2Dff      |    0    
RUN-1001 : ------------------------------
RUN-1001 : DR clock net summary:
RUN-1001 : -----------------------------------------------------------------------------------------------------------------
RUN-1001 :   Net Idx  |                                       Net Name                                       |  Clock Type  
RUN-1001 : -----------------------------------------------------------------------------------------------------------------
RUN-1001 :      1     |            bmp_wrapper_inst/eth_control_inst/clk_eth_gen/u_pll_0/clk0_out            |    Normal    
RUN-1001 :      2     |                bmp_wrapper_inst/eth_control_inst/clk_rx_pll/clk0_out                 |    Normal    
RUN-1001 :      3     |                bmp_wrapper_inst/eth_control_inst/trans_TEMAC/gtx_clk                 |    Normal    
RUN-1001 :      4     |                 bmp_wrapper_inst/eth_control_inst/trans_TEMAC/rx_clk                 |    Normal    
RUN-1001 :      5     |  bmp_wrapper_inst/eth_control_inst/trans_TEMAC/u1_rgmii_interface/rgmii_txc_ddr/clk  |    Normal    
RUN-1001 :      6     |                  bmp_wrapper_inst/your_top_inst/U3/u2_ram/SDRAM_CLK                  |    Normal    
RUN-1001 :      7     |             bmp_wrapper_inst/your_top_inst/U3/u2_ram/u1_init_ref/Sdr_clk             |    Normal    
RUN-1001 :      8     |           bmp_wrapper_inst/your_top_inst/sd_card_bmp_m0/ax_debounce_m0/clk           |    Normal    
RUN-1001 :      9     |                                  change_pic_n_syn_5                                  |    Normal    
RUN-1001 :     10     |                                 input_state_n1_syn_4                                 |    Normal    
RUN-1001 :     11     |                                 input_state_n_syn_7                                  |    Normal    
RUN-1001 :     12     |                               phy1_rgmii_rx_clk_dup_1                                |    Normal    
RUN-1001 :     13     |                                 return_idle_n_syn_3                                  |    Normal    
RUN-1001 :     14     |                                    sys_clk_dup_1                                     |    Normal    
RUN-1001 : -----------------------------------------------------------------------------------------------------------------
RUN-1001 : DR clock buffer summary:
RUN-1001 : ----------------
RUN-1001 :   Idx  |  Name  
RUN-1001 : ----------------
RUN-1001 : ----------------
PHY-1001 : End Stage 2.1 | Build Routing Design; Time: 3.279408s wall, 3.109375s user + 0.031250s system = 3.140625s CPU (95.8%); Memory(MB): used = 613, reserved = 603, peak = 613;

RUN-1001 : Top Percentage Crit. Net Stat.
RUN-1001 : -------------------------------------------------------
RUN-1001 :   Top %  |  Net Count  |  Avg. Fanout  |  Avg. Slack   
RUN-1001 : -------------------------------------------------------
RUN-1001 :     1    |     62      |   3.564516    |  2408.241935  
RUN-1001 :     2    |     124     |   3.798387    |  2522.637097  
RUN-1001 :     3    |     186     |   3.693548    |  2600.811828  
RUN-1001 :     4    |     248     |   3.491935    |  2658.221774  
RUN-1001 :     5    |     310     |   3.609677    |  2714.348387  
RUN-1001 :     6    |     372     |   3.672043    |  2763.809140  
RUN-1001 :     7    |     435     |   3.935632    |  2812.928736  
RUN-1001 :     8    |     497     |   4.303823    |  2859.150905  
RUN-1001 :     9    |     559     |   4.357782    |  2906.660107  
RUN-1001 :    10    |     621     |   4.320451    |  2955.014493  
RUN-1001 : -------------------------------------------------------
PHY-1001 : Stage 2.2 | Clock Nets Routing
PHY-1001 : Routed 0% nets.
PHY-1001 : len = 105600, over cnt = 0(0%), over = 0, worst = 0, crit = 0
PHY-1001 : End Stage 2.2 | Clock Nets Routing; Time: 4.059906s wall, 3.843750s user + 0.156250s system = 4.000000s CPU (98.5%); Memory(MB): used = 646, reserved = 636, peak = 646;

PHY-1001 : Stage 2.3 | Routing Initialization
PHY-1001 : Mark 1% net(place mode slack < 2581ps) as critical nets.
PHY-1001 : Stage 2.3.1 | Normal Nets Routing
PHY-1001 : Routed 94% nets.
PHY-1001 : len = 526640, over cnt = 569(0%), over = 571, worst = 2, crit = 0
PHY-1001 : End Stage 2.3.1 | Normal Nets Routing; Time: 3.959621s wall, 8.656250s user + 0.421875s system = 9.078125s CPU (229.3%); Memory(MB): used = 650, reserved = 641, peak = 650;

PHY-1001 : Stage 2.3.2 | Update Timing
RUN-1002 : start command "start_timer"
USR-6001 WARNING: No ports matched 'get_ports clk_50'
RUN-1101 : create_clock: defined a virtual clock: clk_in.
USR-1002 : Derived clock:  create_generated_clock -name {bmp_wrapper_inst/eth_control_inst/clk_rx_pll/pll_inst.clkc[0]} -source [get_ports {phy1_rgmii_rx_clk}] -master_clock {phy1_rgmii_rx_clk} -multiply_by 1.0000 -duty_cycle 50.0000 [get_pins {bmp_wrapper_inst/eth_control_inst/clk_rx_pll/pll_inst.clkc[0]}]
USR-1002 : Derived clock:  create_generated_clock -name {bmp_wrapper_inst/eth_control_inst/clk_rx_pll/pll_inst.clkc[1]} -source [get_ports {phy1_rgmii_rx_clk}] -master_clock {phy1_rgmii_rx_clk} -multiply_by 1.0000 -duty_cycle 50.0000 [get_pins {bmp_wrapper_inst/eth_control_inst/clk_rx_pll/pll_inst.clkc[1]}]
USR-6001 WARNING: No pins matched 'get_pins u_clk_gen/u_pll_0/pll_inst.clkc[1]'
USR-6001 WARNING: No nets matched 'get_nets udp_clk'
USR-8108 CRITICAL-WARNING: create_generated_clock: cannot define a generated clock without targets.
USR-8159 CRITICAL-WARNING: Command create_generated_clock -name {udp_clk_125m} -source [get_pins {u_clk_gen/u_pll_0/pll_inst.clkc[1]}] -master_clock {pll_inst_125M_1} -divide_by 1.000 -phase 0.000 -add [get_nets {udp_clk}] in C:/Users/softf/Desktop/MAIN/Mujica.sdc(10) fails.
USR-6001 WARNING: No ports matched 'get_ports clk'
RUN-1101 : create_clock: defined a virtual clock: clk.
USR-6136 CRITICAL-WARNING: 'derive_pll_clocks' is obsolete. Please use 'derive_clocks' instead, which handles more types of clock deriving resources. 
Launching timing wizard will update this command automatically.
USR-6001 WARNING: No ports matched 'get_ports clk'
USR-6001 WARNING: No pins matched 'get_pins sys_pll_m0/pll_inst.clkc[0]'
USR-8124 CRITICAL-WARNING: Rename_clock: please specify object list.
USR-8159 CRITICAL-WARNING: Command rename_clock -name {sd_card_clk} -source [get_ports {clk}] -master_clock {clk} [get_pins {sys_pll_m0/pll_inst.clkc[0]}] in C:/Users/softf/Desktop/MAIN/top.sdc(23) fails.
USR-6001 WARNING: No ports matched 'get_ports clk'
USR-6001 WARNING: No pins matched 'get_pins sys_pll_m0/pll_inst.clkc[1]'
USR-8124 CRITICAL-WARNING: Rename_clock: please specify object list.
USR-8159 CRITICAL-WARNING: Command rename_clock -name {ext_mem_clk} -source [get_ports {clk}] -master_clock {clk} [get_pins {sys_pll_m0/pll_inst.clkc[1]}] in C:/Users/softf/Desktop/MAIN/top.sdc(24) fails.
USR-6001 WARNING: No ports matched 'get_ports clk'
USR-6001 WARNING: No pins matched 'get_pins video_pll_m0/pll_inst.clkc[0]'
USR-8124 CRITICAL-WARNING: Rename_clock: please specify object list.
USR-8159 CRITICAL-WARNING: Command rename_clock -name {video_clk} -source [get_ports {clk}] -master_clock {clk} [get_pins {video_pll_m0/pll_inst.clkc[0]}] in C:/Users/softf/Desktop/MAIN/top.sdc(25) fails.
USR-1002 : Derived clock:  create_generated_clock -name {bmp_wrapper_inst/eth_control_inst/clk_eth_gen/u_pll_0/pll_inst.clkc[0]} -source [get_pins {bmp_wrapper_inst/eth_control_inst/clk_eth_gen/u_pll_0/pll_inst.refclk}] -master_clock {bmp_wrapper_inst/eth_control_inst/clk_eth_gen/u_pll_0/pll_inst.refclk} -multiply_by 2.5000 -duty_cycle 50.0000 [get_pins {bmp_wrapper_inst/eth_control_inst/clk_eth_gen/u_pll_0/pll_inst.clkc[0]}]
USR-1002 : Derived clock:  create_generated_clock -name {bmp_wrapper_inst/eth_control_inst/clk_eth_gen/u_pll_0/pll_inst.clkc[1]} -source [get_pins {bmp_wrapper_inst/eth_control_inst/clk_eth_gen/u_pll_0/pll_inst.refclk}] -master_clock {bmp_wrapper_inst/eth_control_inst/clk_eth_gen/u_pll_0/pll_inst.refclk} -multiply_by 2.5000 -duty_cycle 50.0000 [get_pins {bmp_wrapper_inst/eth_control_inst/clk_eth_gen/u_pll_0/pll_inst.clkc[1]}]
USR-1002 : Derived clock:  create_generated_clock -name {bmp_wrapper_inst/eth_control_inst/clk_eth_gen/u_pll_0/pll_inst.clkc[4]} -source [get_pins {bmp_wrapper_inst/eth_control_inst/clk_eth_gen/u_pll_0/pll_inst.refclk}] -master_clock {bmp_wrapper_inst/eth_control_inst/clk_eth_gen/u_pll_0/pll_inst.refclk} -multiply_by 2.5000 -phase 90 -duty_cycle 50.0000 [get_pins {bmp_wrapper_inst/eth_control_inst/clk_eth_gen/u_pll_0/pll_inst.clkc[4]}]
USR-1002 : Derived clock:  create_generated_clock -name {bmp_wrapper_inst/your_top_inst/sys_pll_m0/pll_inst.clkc[0]} -source [get_pins {bmp_wrapper_inst/your_top_inst/sys_pll_m0/pll_inst.refclk}] -master_clock {bmp_wrapper_inst/your_top_inst/sys_pll_m0/pll_inst.refclk} -multiply_by 2.0000 -duty_cycle 50.0000 [get_pins {bmp_wrapper_inst/your_top_inst/sys_pll_m0/pll_inst.clkc[0]}]
USR-1002 : Derived clock:  create_generated_clock -name {bmp_wrapper_inst/your_top_inst/sys_pll_m0/pll_inst.clkc[1]} -source [get_pins {bmp_wrapper_inst/your_top_inst/sys_pll_m0/pll_inst.refclk}] -master_clock {bmp_wrapper_inst/your_top_inst/sys_pll_m0/pll_inst.refclk} -multiply_by 2.5000 -duty_cycle 50.0000 [get_pins {bmp_wrapper_inst/your_top_inst/sys_pll_m0/pll_inst.clkc[1]}]
USR-1002 : Derived clock:  create_generated_clock -name {bmp_wrapper_inst/your_top_inst/sys_pll_m0/pll_inst.clkc[2]} -source [get_pins {bmp_wrapper_inst/your_top_inst/sys_pll_m0/pll_inst.refclk}] -master_clock {bmp_wrapper_inst/your_top_inst/sys_pll_m0/pll_inst.refclk} -multiply_by 2.5000 -phase 180 -duty_cycle 50.0000 [get_pins {bmp_wrapper_inst/your_top_inst/sys_pll_m0/pll_inst.clkc[2]}]
USR-8130 CRITICAL-WARNING: No clock match the pattern: u_clk_gen/u_pll_0/pll_inst.clkc\[0\].
USR-8124 CRITICAL-WARNING: Rename_clock: please specify object list.
USR-8159 CRITICAL-WARNING: Command rename_clock -name {pll_inst_125M_0} [get_clocks {u_clk_gen/u_pll_0/pll_inst.clkc[0]}] in C:/Users/softf/Desktop/MAIN/Mujica.sdc(5) fails.
USR-8130 CRITICAL-WARNING: No clock match the pattern: u_clk_gen/u_pll_0/pll_inst.clkc\[1\].
USR-8124 CRITICAL-WARNING: Rename_clock: please specify object list.
USR-8159 CRITICAL-WARNING: Command rename_clock -name {pll_inst_125M_1} [get_clocks {u_clk_gen/u_pll_0/pll_inst.clkc[1]}] in C:/Users/softf/Desktop/MAIN/Mujica.sdc(6) fails.
USR-8130 CRITICAL-WARNING: No clock match the pattern: u_clk_gen/u_pll_0/pll_inst.clkc\[3\].
USR-8124 CRITICAL-WARNING: Rename_clock: please specify object list.
USR-8159 CRITICAL-WARNING: Command rename_clock -name {pll_inst_25M} [get_clocks {u_clk_gen/u_pll_0/pll_inst.clkc[3]}] in C:/Users/softf/Desktop/MAIN/Mujica.sdc(8) fails.
USR-8130 CRITICAL-WARNING: No clock match the pattern: udp_clk_125m.
USR-8208 CRITICAL-WARNING: Clock group is empty.
USR-8159 CRITICAL-WARNING: Command set_clock_groups -exclusive -group [get_clocks {udp_clk_125m}] in C:/Users/softf/Desktop/MAIN/Mujica.sdc(13) fails.
USR-6136 CRITICAL-WARNING: 'derive_pll_clocks' is obsolete. Please use 'derive_clocks' instead, which handles more types of clock deriving resources. 
Launching timing wizard will update this command automatically.
TMR-2502 : Net delay update with mode: Routed
USR-6133 CRITICAL-WARNING: Clock definition problem: primary clock bmp_wrapper_inst/eth_control_inst/clk_eth_gen/u_pll_0/pll_inst.refclk is defined on internal clock network. Please use create_generated_clock instead.
USR-6133 CRITICAL-WARNING: Clock definition problem: primary clock bmp_wrapper_inst/your_top_inst/sys_pll_m0/pll_inst.refclk is defined on internal clock network. Please use create_generated_clock instead.
PHY-1001 : 384/5869(6%) critical/total net(s).
PHY-1001 : Setup: WNS(ns) = -6.565, TNS(ns) = -367.196, FEP = 266 | Hold: WNS(ns) = -1.017, TNS(ns) = -5.766, FEP = 9.
PHY-1001 : End Stage 2.3.2 | Update Timing; Time: 0.603531s wall, 0.593750s user + 0.000000s system = 0.593750s CPU (98.4%); Memory(MB): used = 652, reserved = 642, peak = 652;

PHY-1001 : End Stage 2.3 | Routing Initialization; Time: 4.574329s wall, 9.265625s user + 0.421875s system = 9.687500s CPU (211.8%); Memory(MB): used = 652, reserved = 642, peak = 652;

PHY-1001 : Stage 2.4 | Routing Optimization
PHY-1001 : Build lut bridge;  0.050992s wall, 0.046875s user + 0.000000s system = 0.046875s CPU (91.9%)

PHY-1001 : Stage 2.4.1 | Phase 1
PHY-1001 : Stage 2.4.1.1 | Setup TimeOptimization
PHY-1001 : Start to optimize setup violation with net base ...
PHY-1001 : Iter 1; Processed 150 pins with SWNS -6.565ns STNS -244.000ns FEP 64 took 1.48825 seconds.
PHY-1001 : len = 532832, over cnt = 691(0%), over = 695, worst = 2, crit = 0
PHY-1001 : End Stage 2.4.1.1 | Setup TimeOptimization; Time: 1.522514s wall, 1.484375s user + 0.031250s system = 1.515625s CPU (99.5%); Memory(MB): used = 655, reserved = 645, peak = 655;

PHY-1001 : Stage 2.4.1.2 | Rip-up And ReRoute
PHY-1001 : Iter 1: len = 533064, over cnt = 198(0%), over = 198, worst = 1, crit = 0, time(s) = 0.39
PHY-1001 : Iter 2: len = 533264, over cnt = 125(0%), over = 125, worst = 1, crit = 0, time(s) = 0.11
PHY-1001 : Iter 3: len = 533248, over cnt = 105(0%), over = 105, worst = 1, crit = 0, time(s) = 0.08
PHY-1001 : Iter 4: len = 534400, over cnt = 14(0%), over = 14, worst = 1, crit = 0, time(s) = 0.07
PHY-1001 : Iter 5: len = 534424, over cnt = 10(0%), over = 10, worst = 1, crit = 0, time(s) = 0.02
PHY-1001 : Iter 6: len = 534424, over cnt = 10(0%), over = 10, worst = 1, crit = 0, time(s) = 0.02
PHY-1001 : Iter 7: len = 534424, over cnt = 10(0%), over = 10, worst = 1, crit = 0, time(s) = 0.02
PHY-1001 : Iter 8: len = 534632, over cnt = 1(0%), over = 1, worst = 1, crit = 0, time(s) = 0.01
PHY-1001 : Iter 9: len = 534640, over cnt = 0(0%), over = 0, worst = 0, crit = 0, time(s) = 0.01
PHY-1001 : End Stage 2.4.1.2 | Rip-up And ReRoute; Time: 0.766002s wall, 1.484375s user + 0.062500s system = 1.546875s CPU (201.9%); Memory(MB): used = 656, reserved = 647, peak = 656;

PHY-1001 : Stage 2.4.1.3 | Update Timing
RUN-1002 : start command "start_timer"
PHY-1001 : 256/5869(4%) critical/total net(s).
PHY-1001 : Setup: WNS(ns) = -6.565, TNS(ns) = -301.603, FEP = 202 | Hold: WNS(ns) = -1.017, TNS(ns) = -5.757, FEP = 9.
PHY-1001 : End Stage 2.4.1.3 | Update Timing; Time: 0.573583s wall, 0.562500s user + 0.015625s system = 0.578125s CPU (100.8%); Memory(MB): used = 656, reserved = 647, peak = 656;

PHY-1001 : Stage 2.4.1.4 | Commit Data
PHY-1001 : Commit better result to database ...
PHY-1001 : 168 feed throughs used by 140 nets
PHY-1001 : End Stage 2.4.1.4 | Commit Data; Time: 0.949755s wall, 0.828125s user + 0.015625s system = 0.843750s CPU (88.8%); Memory(MB): used = 679, reserved = 668, peak = 679;

PHY-1001 : End Stage 2.4.1 | Phase 1; Time: 3.854288s wall, 4.406250s user + 0.125000s system = 4.531250s CPU (117.6%); Memory(MB): used = 679, reserved = 668, peak = 679;

PHY-1001 : Stage 2.4.2 | Phase 2
PHY-1001 : Stage 2.4.2.1 | Setup TimeOptimization
PHY-1001 : Start to optimize setup violation with net base ...
PHY-1001 : Iter 1; Processed 102 pins with SWNS -6.565ns STNS -244.000ns FEP 64 took 1.55201 seconds.
PHY-1001 : len = 538272, over cnt = 84(0%), over = 84, worst = 1, crit = 0
PHY-1001 : End Stage 2.4.2.1 | Setup TimeOptimization; Time: 1.585491s wall, 1.531250s user + 0.031250s system = 1.562500s CPU (98.5%); Memory(MB): used = 679, reserved = 670, peak = 679;

PHY-1001 : Stage 2.4.2.2 | Rip-up And ReRoute
PHY-0007 : Congestion: {46.49, 40.11, 36.61, 34.29}; Timing: {-6.565ns, -244.000ns, 64}
PHY-1001 : Iter 1: len = 536760, over cnt = 2(0%), over = 2, worst = 1, crit = 0, time(s) = 0.06
PHY-1001 : Iter 2: len = 536776, over cnt = 0(0%), over = 0, worst = 0, crit = 0, time(s) = 0.01
PHY-1001 : End Stage 2.4.2.2 | Rip-up And ReRoute; Time: 0.084841s wall, 0.078125s user + 0.000000s system = 0.078125s CPU (92.1%); Memory(MB): used = 679, reserved = 670, peak = 679;

PHY-1001 : Stage 2.4.2.3 | Update Timing
RUN-1002 : start command "start_timer"
PHY-1001 : 282/5869(4%) critical/total net(s).
PHY-1001 : Setup: WNS(ns) = -6.565, TNS(ns) = -283.388, FEP = 141 | Hold: WNS(ns) = -1.017, TNS(ns) = -5.757, FEP = 9.
PHY-1001 : End Stage 2.4.2.3 | Update Timing; Time: 0.616136s wall, 0.625000s user + 0.000000s system = 0.625000s CPU (101.4%); Memory(MB): used = 680, reserved = 670, peak = 680;

PHY-1001 : Stage 2.4.2.4 | Commit Data
PHY-1001 : Commit better result to database ...
PHY-1001 : 177 feed throughs used by 144 nets
PHY-1001 : End Stage 2.4.2.4 | Commit Data; Time: 0.345218s wall, 0.312500s user + 0.000000s system = 0.312500s CPU (90.5%); Memory(MB): used = 680, reserved = 670, peak = 680;

PHY-1001 : End Stage 2.4.2 | Phase 2; Time: 2.666659s wall, 2.593750s user + 0.031250s system = 2.625000s CPU (98.4%); Memory(MB): used = 680, reserved = 670, peak = 680;

PHY-1001 : End Stage 2.4 | Routing Optimization; Time: 6.902605s wall, 7.375000s user + 0.156250s system = 7.531250s CPU (109.1%); Memory(MB): used = 680, reserved = 670, peak = 680;

PHY-1003 : Routed, final wirelength = 536776
RUN-1002 : start command "export_db pic_sdram_pr.db"
RUN-1001 : Exported flow parameters
RUN-1001 : Exported /
RUN-1001 : Exported libs
RUN-1001 : Exported entities
RUN-1001 : Exported ports
RUN-1001 : Exported pins
RUN-1001 : Exported instances
RUN-1001 : Exported nets
RUN-1001 : Exported buses
RUN-1001 : Exported models
RUN-1001 : Exported phy database
RUN-1001 : Exported packer
RUN-1001 : Exported congestions
RUN-1001 : Exported violations
RUN-1001 : Exported ATMR Setting
RUN-1001 : Exported timing constraints
RUN-1001 : Exported IO constraints
RUN-1001 : Exported Inst constraints
RUN-1001 : Exported ChipWatcher
PHY-1001 : Current memory(MB): used = 708, reserved = 818, peak = 708.
PHY-1001 : End export database. 0.232255s wall, 0.281250s user + 0.000000s system = 0.281250s CPU (121.1%)

PHY-1001 : End detail routing;  19.390780s wall, 24.218750s user + 0.765625s system = 24.984375s CPU (128.8%)

PHY-1001 : End Stage 2 | Detail Routing; Time: 19.390880s wall, 24.218750s user + 0.765625s system = 24.984375s CPU (128.8%); Memory(MB): used = 708, reserved = 818, peak = 708;

PHY-1001 : Stage 3 | Hold Fix
RUN-1002 : start command "start_timer"
RUN-1001 : fix hold violation on net bmp_wrapper_inst/eth_control_inst/trans_rx_fifo/update_addr_tog endpin bmp_wrapper_inst/eth_control_inst/trans_rx_fifo/update_addr_tog_reg_reg[1]_syn_4.mi[0] slack -1017ps
RUN-1001 : 3 hold-buffer to be created.
RUN-1001 : fix hold violation on net bmp_wrapper_inst/eth_control_inst/trans_rx_fifo/rd_addr[6] endpin bmp_wrapper_inst/eth_control_inst/trans_rx_fifo/wr_rd_addr_reg[11]_syn_11.c[0] slack -690ps
RUN-1001 : 2 hold-buffer to be created.
RUN-1001 : fix hold violation on net bmp_wrapper_inst/eth_control_inst/trans_rx_fifo/rd_addr[11] endpin bmp_wrapper_inst/eth_control_inst/trans_rx_fifo/wr_rd_addr_reg[11]_syn_11.c[1] slack -824ps
RUN-1001 : 2 hold-buffer to be created.
RUN-1001 : fix hold violation on net bmp_wrapper_inst/eth_control_inst/trans_rx_fifo/rd_addr[10] endpin bmp_wrapper_inst/eth_control_inst/trans_rx_fifo/wr_rd_addr_reg[7]_syn_9.c[0] slack -664ps
RUN-1001 : 2 hold-buffer to be created.
RUN-1001 : fix hold violation on net bmp_wrapper_inst/eth_control_inst/trans_rx_fifo/rd_addr[7] endpin bmp_wrapper_inst/eth_control_inst/trans_rx_fifo/wr_rd_addr_reg[7]_syn_9.c[1] slack -1008ps
RUN-1001 : 3 hold-buffer to be created.
RUN-1001 : fix hold violation on net bmp_wrapper_inst/eth_control_inst/trans_rx_fifo/rd_addr[9] endpin bmp_wrapper_inst/eth_control_inst/trans_rx_fifo/wr_rd_addr_reg[8]_syn_9.c[0] slack -822ps
RUN-1001 : 2 hold-buffer to be created.
RUN-1001 : fix hold violation on net bmp_wrapper_inst/eth_control_inst/trans_rx_fifo/rd_addr[8] endpin bmp_wrapper_inst/eth_control_inst/trans_rx_fifo/wr_rd_addr_reg[8]_syn_9.c[1] slack -716ps
RUN-1001 : 2 hold-buffer to be created.
RUN-1001 : fix hold violation on net bmp_wrapper_inst/eth_control_inst/trans_tx_fifo/wr_addr[0] endpin bmp_wrapper_inst/eth_control_inst/trans_tx_fifo/ramgen_l/inst_syn_11.addra[3] slack -4ps
RUN-1001 : 1 hold-buffer to be created.
RUN-1001 : fix hold violation on net bmp_wrapper_inst/eth_control_inst/trans_tx_fifo/wr_addr[7] endpin bmp_wrapper_inst/eth_control_inst/trans_tx_fifo/ramgen_l/inst_syn_1.addra[10] slack -12ps
RUN-1001 : 1 hold-buffer to be created.
PHY-1001 : Populate physical database on model Mujica_top.
-----------------------------------------------------------
| QoR metrics               |         value               |
-----------------------------------------------------------
| Timing                    |                             |
|     Setup WNS             |        -4713                |
|     Setup TNS             |      -232683                |
|     Num of violated S-EP  |           71                |
|     FMAX                  |    78.660MHz                |
|     SWNS path clock period |       8000ps                |
|     Hold WNS              |          -14                |
|     Hold TNS              |          -14                |
|     Num of violated H-EP  |            1                |
-----------------------------------------------------------
| Routing Resource          |                             |
|     Wire length           |       242302                |
-----------------------------------------------------------
| Utilization               |                             |
|     #slices               |         2661                |
|     slices percentage     |       27.15%                |
|     #RAMs                 |           12                |
|     #DSPs                 |            0                |
|     #DRAMHARDCON          |            0                |
-----------------------------------------------------------
| Congestion                |                             |
|     Top 1% tile util      |           41                |
|     Top 1% tile avg util  |       44.00%                |
|     Over 100% util #tile  |            0                |
-----------------------------------------------------------
Report place stage QoR done.


    SWNS [   incr ]     STNS [    incr ]  S-FEPS [   incr ]    HWNS [   incr ]      HTNS [     incr ]    H-FEPS [     incr ]    CELL [   incr ]      WL [   incr ]   RT(s) [   incr ]   MEM(mb) [     incr ]
   -6565 [      0 ]  -367196 [       0 ]     266 [      0 ]   -1017 [      0 ]     -5766 [        0 ]         9 [        0 ]    2747 [      0 ]  526640 [      0 ]      13 [      0 ]       652 [        0 ] : dr_initialization
   -6565 [      0 ]  -244000 [  123196 ]      64 [   -202 ]   -1017 [      0 ]     -5766 [        0 ]         9 [        0 ]    2747 [      0 ]  532832 [   6192 ]      15 [      2 ]       655 [        3 ] : dr_timing_opt_phase1
   -6565 [      0 ]  -301603 [  -57603 ]     202 [    138 ]   -1017 [      0 ]     -5757 [        9 ]         9 [        0 ]    2747 [      0 ]  534640 [   1808 ]      17 [      2 ]       679 [       24 ] : dr_opt_phase1
   -6565 [      0 ]  -244000 [   57603 ]      64 [   -138 ]   -1017 [      0 ]     -5757 [        0 ]         9 [        0 ]    2747 [      0 ]  538272 [   3632 ]      19 [      2 ]       679 [        0 ] : dr_timing_opt_phase2
   -6565 [      0 ]  -283388 [  -39388 ]     141 [     77 ]   -1017 [      0 ]     -5757 [        0 ]         9 [        0 ]    2747 [      0 ]  536776 [  -1496 ]      20 [      1 ]       680 [        1 ] : dr_opt_phase2
   -6565 [      0 ]  -283388 [       0 ]     141 [      0 ]   -1017 [      0 ]     -5757 [        0 ]         9 [        0 ]    2747 [      0 ]  536776 [      0 ]      20 [      0 ]       680 [        0 ] : multi_try_opt
   -6565 [      0 ]  -283388 [       0 ]     141 [      0 ]      41 [   1058 ]         0 [     5757 ]         0 [       -9 ]    2765 [     18 ]  537672 [    896 ]       2 [    -18 ]       708 [       28 ] : ECO: dr_initialization
   -6565 [      0 ]  -283388 [       0 ]     141 [      0 ]      41 [      0 ]         0 [        0 ]         0 [        0 ]    2765 [      0 ]  537672 [      0 ]       3 [      1 ]       708 [        0 ] : ECO: dr_timing_opt_phase1
   -6565 [      0 ]  -283388 [       0 ]     141 [      0 ]      30 [    -11 ]         0 [        0 ]         0 [        0 ]    2765 [      0 ]  537704 [     32 ]       4 [      1 ]       708 [        0 ] : ECO: dr_opt_phase1
   -6565 [      0 ]  -283388 [       0 ]     141 [      0 ]      30 [      0 ]         0 [        0 ]         0 [        0 ]    2765 [      0 ]  537704 [      0 ]       4 [      0 ]       708 [        0 ] : ECO: dr_timing_opt_phase2
   -6565 [      0 ]  -283388 [       0 ]     141 [      0 ]      30 [      0 ]         0 [        0 ]         0 [        0 ]    2765 [      0 ]  537704 [      0 ]       5 [      1 ]       708 [        0 ] : ECO: dr_opt_phase2
   -6565 [      0 ]  -283388 [       0 ]     141 [      0 ]      30 [      0 ]         0 [        0 ]         0 [        0 ]    2765 [      0 ]  537704 [      0 ]       5 [      0 ]       708 [        0 ] : ECO: multi_try_opt
   -6565 [      0 ]  -283388 [       0 ]     141 [      0 ]      30 [      0 ]         0 [        0 ]         0 [        0 ]    2765 [      0 ]  537704 [      0 ]       6 [      1 ]       710 [        2 ] : ECO: fix_hold_opt

RUN-1002 : start command "start_timer"
RUN-1001 : All hold violations are fixed.
PHY-1001 : Stage 6 | Report Route Qor
RUN-1002 : start command "report_qor -step route -file route.qor"
RUN-1002 : start command "start_timer"
-----------------------------------------------------------
| QoR metrics               |         value               |
-----------------------------------------------------------
| Timing                    |                             |
|     Setup WNS             |        -6565                |
|     Setup TNS             |      -283388                |
|     Num of violated S-EP  |          141                |
|     Hold WNS              |           30                |
|     Hold TNS              |            0                |
|     Num of violated H-EP  |            0                |
-----------------------------------------------------------
| Routing Resource          |                             |
|     Wire length           |       537704                |
-----------------------------------------------------------
| Utilization               |                             |
|     #slices               |         2661                |
|     slices percentage     |       27.15%                |
|     #RAMs                 |           12                |
|     #DSPs                 |            0                |
|     #DRAMHARDCON          |            0                |
-----------------------------------------------------------
Report route stage QoR done.

RUN-1002 : start command "update_timing -mode final"
RUN-1002 : start command "start_timer"
RUN-1002 : start command "report_timing_summary -file final_timing.rpt"
OPT-1001 : QoR tracer report on route step:
    SWNS [   incr ]     STNS [    incr ]  S-FEPS [   incr ]    HWNS [   incr ]      HTNS [     incr ]    H-FEPS [     incr ]    CELL [   incr ]      WL [   incr ]   RT(s) [   incr ]   MEM(mb) [     incr ]
   -6565 [      0 ]  -367196 [       0 ]     266 [      0 ]   -1017 [      0 ]     -5766 [        0 ]         9 [        0 ]    2747 [      0 ]  526640 [      0 ]      13 [      0 ]       652 [        0 ] : dr_initialization
   -6565 [      0 ]  -244000 [  123196 ]      64 [   -202 ]   -1017 [      0 ]     -5766 [        0 ]         9 [        0 ]    2747 [      0 ]  532832 [   6192 ]      15 [      2 ]       655 [        3 ] : dr_timing_opt_phase1
   -6565 [      0 ]  -301603 [  -57603 ]     202 [    138 ]   -1017 [      0 ]     -5757 [        9 ]         9 [        0 ]    2747 [      0 ]  534640 [   1808 ]      17 [      2 ]       679 [       24 ] : dr_opt_phase1
   -6565 [      0 ]  -244000 [   57603 ]      64 [   -138 ]   -1017 [      0 ]     -5757 [        0 ]         9 [        0 ]    2747 [      0 ]  538272 [   3632 ]      19 [      2 ]       679 [        0 ] : dr_timing_opt_phase2
   -6565 [      0 ]  -283388 [  -39388 ]     141 [     77 ]   -1017 [      0 ]     -5757 [        0 ]         9 [        0 ]    2747 [      0 ]  536776 [  -1496 ]      20 [      1 ]       680 [        1 ] : dr_opt_phase2
   -6565 [      0 ]  -283388 [       0 ]     141 [      0 ]   -1017 [      0 ]     -5757 [        0 ]         9 [        0 ]    2747 [      0 ]  536776 [      0 ]      20 [      0 ]       680 [        0 ] : multi_try_opt
   -6565 [      0 ]  -283388 [       0 ]     141 [      0 ]      41 [   1058 ]         0 [     5757 ]         0 [       -9 ]    2765 [     18 ]  537672 [    896 ]       2 [    -18 ]       708 [       28 ] : ECO: dr_initialization
   -6565 [      0 ]  -283388 [       0 ]     141 [      0 ]      41 [      0 ]         0 [        0 ]         0 [        0 ]    2765 [      0 ]  537672 [      0 ]       3 [      1 ]       708 [        0 ] : ECO: dr_timing_opt_phase1
   -6565 [      0 ]  -283388 [       0 ]     141 [      0 ]      30 [    -11 ]         0 [        0 ]         0 [        0 ]    2765 [      0 ]  537704 [     32 ]       4 [      1 ]       708 [        0 ] : ECO: dr_opt_phase1
   -6565 [      0 ]  -283388 [       0 ]     141 [      0 ]      30 [      0 ]         0 [        0 ]         0 [        0 ]    2765 [      0 ]  537704 [      0 ]       4 [      0 ]       708 [        0 ] : ECO: dr_timing_opt_phase2
   -6565 [      0 ]  -283388 [       0 ]     141 [      0 ]      30 [      0 ]         0 [        0 ]         0 [        0 ]    2765 [      0 ]  537704 [      0 ]       5 [      1 ]       708 [        0 ] : ECO: dr_opt_phase2
   -6565 [      0 ]  -283388 [       0 ]     141 [      0 ]      30 [      0 ]         0 [        0 ]         0 [        0 ]    2765 [      0 ]  537704 [      0 ]       5 [      0 ]       708 [        0 ] : ECO: multi_try_opt
   -6565 [      0 ]  -283388 [       0 ]     141 [      0 ]      30 [      0 ]         0 [        0 ]         0 [        0 ]    2765 [      0 ]  537704 [      0 ]       6 [      1 ]       710 [        2 ] : ECO: fix_hold_opt
   -6565 [      0 ]  -283388 [       0 ]     141 [      0 ]      30 [      0 ]         0 [        0 ]         0 [        0 ]    2765 [      0 ]  537704 [      0 ]      31 [     25 ]       710 [        0 ] : ECO: fix_hold_opt

PHY-1001 : End Stage 6 | Report Route Qor; Time: 1.260224s wall, 1.218750s user + 0.000000s system = 1.218750s CPU (96.7%); Memory(MB): used = 710, reserved = 818, peak = 710;

PHY-1001 : Stage 7 | Routing DRC
PHY-1001 : Start multi-drive drc check......
PHY-1001 : No multi-drive.
PHY-1001 : Stage 7.1 | Clock Net Status Check
PHY-1001 : 1 clock net(s) utilize local routing resource.
PHY-5079 CRITICAL-WARNING: Marked 1 clock net(s) utilize the local routing resources. Please check log message and the sinks of clock nets.
RUN-1001 : CTS Local Wire Summary
RUN-1001 : ----------------------------------------------------------------------------------------------------------------------------------------------------------------------------------
RUN-1001 :                            ClockName                           |  DriverType  |  Clock/Fanout  |  LocalWireNum  |                       NetName                        |  Marked  
RUN-1001 : ----------------------------------------------------------------------------------------------------------------------------------------------------------------------------------
RUN-1001 :   bmp_wrapper_inst/your_top_inst/sys_pll_m0/pll_inst.clkc[2]   |  AL_PHY_PLL  |      0/1       |       1        |  bmp_wrapper_inst/your_top_inst/U3/u2_ram/SDRAM_CLK  |   true   
RUN-1001 : ----------------------------------------------------------------------------------------------------------------------------------------------------------------------------------
PHY-1001 : End Stage 7.1 | Clock Net Status Check; Time: 0.000828s wall, 0.000000s user + 0.000000s system = 0.000000s CPU (n/a%); Memory(MB): used = 710, reserved = 818, peak = 710;

PHY-1001 : Stage 7.2 | Abnormal Timing Path check
PHY-1001 : No abnormal timing path.
PHY-1001 : End Stage 7.2 | Abnormal Timing Path check; Time: 0.028536s wall, 0.031250s user + 0.000000s system = 0.031250s CPU (109.5%); Memory(MB): used = 710, reserved = 818, peak = 710;

PHY-1001 : End Stage 7 | Routing DRC; Time: 0.057091s wall, 0.046875s user + 0.000000s system = 0.046875s CPU (82.1%); Memory(MB): used = 710, reserved = 818, peak = 710;

RUN-1003 : finish command "route" in  32.686997s wall, 37.796875s user + 0.859375s system = 38.656250s CPU (118.3%)

RUN-1004 : used memory is 710 MB, reserved memory is 818 MB, peak memory is 710 MB
RUN-1002 : start command "report_area -io_info -file pic_sdram_phy.area"
RUN-1001 : standard
***Report Model: Mujica_top Device: EG4S20BG256***

IO Statistics
#IO                        22   out of    188   11.70%
  #input                   13
  #output                   9
  #inout                    0
#virtual IO                 3
  #input                    0
  #output                   0
  #inout                    0

Utilization Statistics
#lut                     4300   out of  19600   21.94%
#reg                     3724   out of  19600   19.00%
#le                      4991
  #lut only              1267   out of   4991   25.39%
  #reg only               691   out of   4991   13.84%
  #lut&reg               3033   out of   4991   60.77%
#bram                      12   out of     64   18.75%
  #bram9k                  12
  #fifo9k                   0
#bram32k                    0   out of     16    0.00%
#dsp                        0   out of     29    0.00%
#pad                       22   out of    188   11.70%
  #ireg                     5
  #oreg                     9
  #treg                     0
#pll                        3   out of      4   75.00%
#gclk                       8   out of     16   50.00%


DataNet Average Fanout:

   Index     Fanout     Nets  
    #1          1       3758  
    #2          2       957   
    #3          3       455   
    #4          4       247   
    #5        5-10      462   
    #6        11-50     230   
    #7       51-100      28   
    #8       101-500     1    
  Average     3.02            

RUN-1002 : start command "update_timing -mode final"
RUN-1002 : start command "start_timer"
RUN-1002 : start command "report_timing_status -file pic_sdram_phy.ts"
RUN-1002 : start command "report_timing_summary -file pic_sdram_pr.timing"
RUN-1002 : start command "report_timing_exception -file pic_sdram_exception.timing"
RUN-1002 : start command "flow_status -file route_flow.status"
Location         : C:\Users\softf\Desktop\MAIN\pic_sdram_Runs\phy_1
Running with     : Tang Dynasty v6.2.168116
                   Copyright (c) 2012-2025 Anlogic Inc.
Top Model        : Mujica_top
Device           : EG4S20BG256
Speed            : NA

Timing Mode      : final
Setup            : WNS -6565ps  TNS  -283388ps  NUM_FEPS   141
Hold             : WNS    30ps  TNS        0ps  NUM_FEPS     0

Flow Statistics  :
RUN-1001 : Flow Statistics:
RUN-1001 : --------------------------------------------------------------------------------------------------
RUN-1001 :      command     |  #calls  |  wall time  |  cpu time(s)  |  used memory(mb)  |  peak memory(mb)  
RUN-1001 : --------------------------------------------------------------------------------------------------
RUN-1001 :       route      |    2     |  39s(72%)   |    44(50%)    |        710        |        710        
RUN-1001 :       place      |    2     |  15s(27%)   |    44(50%)    |        708        |        708        
RUN-1001 :     import_db    |    1     |   0s(0%)    |     0(0%)     |        174        |        174        
RUN-1001 :   import_device  |    1     |   0s(0%)    |     0(0%)     |        84         |        84         
RUN-1001 : --------------------------------------------------------------------------------------------------
RUN-1001 :       total      |    6     |     54s     |      88       |        710        |        710        
RUN-1001 : --------------------------------------------------------------------------------------------------
RUN-1002 : start command "report_clock_utilization -file route_clock_utilization.txt"
RUN-1001 : Device not support command report_clock_utilization.
RUN-1002 : start command "export_db pic_sdram_pr.db"
RUN-1001 : Exported flow parameters
RUN-1001 : Exported /
RUN-1001 : Exported libs
RUN-1001 : Exported entities
RUN-1001 : Exported ports
RUN-1001 : Exported pins
RUN-1001 : Exported instances
RUN-1001 : Exported nets
RUN-1001 : Exported buses
RUN-1001 : Exported models
RUN-1001 : Exported phy database
RUN-1001 : Exported packer
RUN-1001 : Exported congestions
RUN-1001 : Exported violations
RUN-1001 : Exported ATMR Setting
RUN-1001 : Exported timing constraints
RUN-1001 : Exported IO constraints
RUN-1001 : Exported Inst constraints
RUN-1001 : Exported ChipWatcher
RUN-1002 : start command "commit_param -step bitgen"
RUN-1001 : Print Global Property
RUN-1001 : --------------------------------------------------------
RUN-1001 :   Parameters   |  Settings  |  Default Values  |  Note  
RUN-1001 : --------------------------------------------------------
RUN-1001 :   enable_seed  |    off     |       off        |        
RUN-1001 :     message    |  standard  |     standard     |        
RUN-1001 :   qor_monitor  |     on     |        on        |        
RUN-1001 :   syn_ip_flow  |    off     |       off        |        
RUN-1001 :     thread     |    auto    |       auto       |        
RUN-1001 : --------------------------------------------------------
RUN-1001 : Print Bitgen Property
RUN-1001 : -------------------------------------------------------------
RUN-1001 :      Parameters     |  Settings  |  Default Values  |  Note  
RUN-1001 : -------------------------------------------------------------
RUN-1001 :         bin         |    off     |       off        |        
RUN-1001 :       gen_mask      |    off     |       off        |        
RUN-1001 :      time_info      |     on     |        on        |        
RUN-1001 :   unused_io_status  |   pullup   |      pullup      |        
RUN-1001 :       version       |    0x00    |       0x00       |        
RUN-1001 : -------------------------------------------------------------
RUN-1002 : start command "bitgen -bit pic_sdram.bit"
BIT-8123 ERROR: Bitgen is prohibitted as there is(are) unconstrained io(s) in design.
